coord_x,coord_y,timestamp_unix_ns,timestamp_readable,anchor_0_local_x,anchor_0_local_y,anchor_0_local_z,anchor_0_distance_m,anchor_0_azimuth_deg,anchor_0_elevation_deg,anchor_0_data_age_ms,anchor_1_local_x,anchor_1_local_y,anchor_1_local_z,anchor_1_distance_m,anchor_1_azimuth_deg,anchor_1_elevation_deg,anchor_1_data_age_ms,anchor_2_local_x,anchor_2_local_y,anchor_2_local_z,anchor_2_distance_m,anchor_2_azimuth_deg,anchor_2_elevation_deg,anchor_2_data_age_ms,anchor_3_local_x,anchor_3_local_y,anchor_3_local_z,anchor_3_distance_m,anchor_3_azimuth_deg,anchor_3_elevation_deg,anchor_3_data_age_ms
2,0,1758015535364179789,2025-09-16 17:38:55.364,,,,,,,,,,,,,,,,,,,,,,65.5266,-40.4384,-133.3679,154.0000,31.68,60.00,447.9
2,0,1758015535420724939,2025-09-16 17:38:55.420,687.9559,79.5992,44.9063,694.0000,-6.60,-3.71,448.0,,,,,,,,,,,,,,,,,,,,,
2,0,1758015535519276181,2025-09-16 17:38:55.519,,,,,,,,,,,,,,,200.5480,225.8827,-206.6725,366.0000,-48.40,34.38,458.7,,,,,,,
2,0,1758015535582768626,2025-09-16 17:38:55.582,685.1566,107.4152,-25.6607,694.0000,-8.91,2.12,444.0,,,,,,,,,,,,,,,,,,,,,
2,0,1758015535683872846,2025-09-16 17:38:55.683,,,,,,,,,,,,,,,205.0516,233.3232,-199.1861,369.0000,-48.69,32.67,458.6,,,,,,,
2,0,1758015535759763749,2025-09-16 17:38:55.759,,,,,,,,,,,,,,,,,,,,,,67.2707,-37.4654,-133.3679,154.0000,29.11,60.00,445.4
2,0,1758015535845949919,2025-09-16 17:38:55.845,,,,,,,,,,,,,,,210.1090,226.2784,-196.4900,366.0000,-47.12,32.47,460.1,,,,,,,
2,0,1758015535906741369,2025-09-16 17:38:55.906,693.4956,67.5091,17.7589,697.0000,-5.56,-1.46,449.3,,,,,,,,,,,,,,,,,,,,,
2,0,1758015535958460814,2025-09-16 17:38:55.958,,,,,,,,,,,,,,,,,,,,,,65.9379,-40.7241,-134.2339,155.0000,31.70,60.00,445.7
2,0,1758015536003129550,2025-09-16 17:38:56.003,,,,,,,,,,,,,,,200.1488,224.2477,-208.8287,366.0000,-48.25,34.79,453.5,,,,,,,
2,0,1758015536068767648,2025-09-16 17:38:56.068,678.4560,138.8969,25.5754,693.0000,-11.57,-2.12,437.4,,,,,,,,,,,,,,,,,,,,,
2,0,1758015536155826406,2025-09-16 17:38:56.155,,,,,,,,,,,,,,,,,,,,,,64.1689,-40.7228,-131.6359,152.0000,32.40,60.00,446.6
2,0,1758015536169825868,2025-09-16 17:38:56.169,,,,,,,,,,,,,,,200.7749,234.0001,-193.4668,364.0000,-49.37,32.11,481.9,,,,,,,
2,0,1758015536230770222,2025-09-16 17:38:56.230,690.0262,87.2929,25.6861,696.0000,-7.21,-2.12,421.1,,,,,,,,,,,,,,,,,,,,,
2,0,1758015536327158866,2025-09-16 17:38:56.327,,,,,,,,,,,,,,,200.4296,223.4845,-200.5085,361.0000,-48.11,33.74,460.5,,,,,,,
2,0,1758015536392782501,2025-09-16 17:38:56.392,677.6939,157.9911,13.6286,696.0000,-13.12,-1.12,443.9,,,,,,,,,,,,,,,,,,,,,
2,0,1758015536493695390,2025-09-16 17:38:56.493,,,,,,,,,,,,,,,206.1724,232.0543,-199.5112,369.0000,-48.38,32.73,456.7,,,,,,,
2,0,1758015536551217175,2025-09-16 17:38:56.551,,,,,,,,,,,,,,,,,,,,,,65.6649,-38.2639,-131.6359,152.0000,30.23,60.00,447.5
2,0,1758015536655451672,2025-09-16 17:38:56.655,,,,,,,,,,,,,,,197.4473,229.8781,-207.0257,367.0000,-49.34,34.34,458.3,,,,,,,
2,0,1758015536716778983,2025-09-16 17:38:56.716,684.9869,120.6584,25.5040,696.0000,-9.99,-2.10,448.3,,,,,,,,,,,,,,,,,,,,,
2,0,1758015536746112697,2025-09-16 17:38:56.746,,,,,,,,,,,,,,,,,,,,,,66.2057,-37.3202,-131.6359,152.0000,29.41,60.00,465.5
2,0,1758015536813923616,2025-09-16 17:38:56.813,,,,,,,,,,,,,,,201.7929,228.4065,-202.6477,366.0000,-48.54,33.62,456.3,,,,,,,
2,0,1758015536878801465,2025-09-16 17:38:56.878,686.0269,85.5221,47.9793,693.0000,-7.11,-3.97,449.0,,,,,,,,,,,,,,,,,,,,,
2,0,1758015536947286023,2025-09-16 17:38:56.947,,,,,,,,,,,,,,,,,,,,,,66.4136,-38.9646,-133.3679,154.0000,30.40,60.00,444.9
2,0,1758015537040786076,2025-09-16 17:38:57.040,690.4069,101.9504,12.1818,698.0000,-8.40,-1.00,413.2,,,,,,,,,,,,,,,,,,,,,
2,0,1758015537141581617,2025-09-16 17:38:57.141,,,,,,,,,,,,,,,200.4254,225.0316,-205.9501,365.0000,-48.31,34.35,458.3,,,,,,,
2,0,1758015537299721956,2025-09-16 17:38:57.299,,,,,,,,,,,,,,,197.4848,234.5208,-199.8894,366.0000,-49.90,33.10,467.5,,,,,,,
2,0,1758015537364794649,2025-09-16 17:38:57.364,686.2088,110.1831,-1.4556,695.0000,-9.12,0.12,467.0,,,,,,,,,,,,,,,,,,,,,
2,0,1758015537343886790,2025-09-16 17:38:57.343,,,,,,,,,,,,,,,,,,,,,,67.1428,-37.6942,-133.3679,154.0000,29.31,60.00,488.1
2,0,1758015537466195795,2025-09-16 17:38:57.466,,,,,,,,,,,,,,,203.2671,226.5449,-201.4570,365.0000,-48.10,33.50,458.4,,,,,,,
2,0,1758015537623618348,2025-09-16 17:38:57.623,,,,,,,,,,,,,,,210.2823,226.4809,-186.5710,361.0000,-47.12,31.12,460.6,,,,,,,
2,0,1758015537688772426,2025-09-16 17:38:57.688,686.6461,100.4156,-8.3575,694.0000,-8.32,0.69,444.6,,,,,,,,,,,,,,,,,,,,,
2,0,1758015537735869450,2025-09-16 17:38:57.735,,,,,,,,,,,,,,,,,,,,,,67.5918,-36.8829,-133.3679,154.0000,28.62,60.00,450.4
2,0,1758015537790061151,2025-09-16 17:38:57.790,,,,,,,,,,,,,,,203.7834,230.3352,-202.0941,368.0000,-48.50,33.31,461.0,,,,,,,
2,0,1758015537850850204,2025-09-16 17:38:57.850,694.0645,62.2122,-14.5969,697.0000,-5.12,1.20,464.4,,,,,,,,,,,,,,,,,,,,,
2,0,1758015537938829345,2025-09-16 17:38:57.938,,,,,,,,,,,,,,,,,,,,,,66.9179,-41.0395,-135.9660,157.0000,31.52,60.00,446.5
2,0,1758015537952017800,2025-09-16 17:38:57.952,,,,,,,,,,,,,,,209.2956,226.8909,-196.6517,366.0000,-47.31,32.50,493.2,,,,,,,
2,0,1758015538012805517,2025-09-16 17:38:58.012,697.2089,74.7932,33.3135,702.0000,-6.12,-2.72,432.5,,,,,,,,,,,,,,,,,,,,,
2,0,1758015538109398650,2025-09-16 17:38:58.109,,,,,,,,,,,,,,,209.2703,226.4666,-193.4291,364.0000,-47.26,32.10,458.2,,,,,,,
2,0,1758015538174852961,2025-09-16 17:38:58.174,683.0641,131.6610,22.4690,696.0000,-10.91,-1.85,448.7,,,,,,,,,,,,,,,,,,,,,
2,0,1758015538275793287,2025-09-16 17:38:58.275,,,,,,,,,,,,,,,195.8617,222.2396,-216.6489,367.0000,-48.61,36.18,459.7,,,,,,,
2,0,1758015538333566910,2025-09-16 17:38:58.333,,,,,,,,,,,,,,,,,,,,,,68.2846,-39.7267,-136.8320,158.0000,30.19,60.00,460.2
2,0,1758015538433701666,2025-09-16 17:38:58.433,,,,,,,,,,,,,,,208.5531,228.2347,-194.0090,365.0000,-47.58,32.11,456.2,,,,,,,
2,0,1758015538498853198,2025-09-16 17:38:58.498,687.0423,100.9635,46.8539,696.0000,-8.36,-3.86,448.5,,,,,,,,,,,,,,,,,,,,,
2,0,1758015538531930933,2025-09-16 17:38:58.531,,,,,,,,,,,,,,,,,,,,,,65.7855,-39.0451,-132.5019,153.0000,30.69,60.00,477.1
2,0,1758015538660839493,2025-09-16 17:38:58.660,694.7930,96.7813,26.4585,702.0000,-7.93,-2.16,415.0,,,,,,,,,,,,,,,,,,,,,
2,0,1758015538728652653,2025-09-16 17:38:58.728,,,,,,,,,,,,,,,,,,,,,,68.0582,-39.1194,-135.9660,157.0000,29.89,60.00,447.2
2,0,1758015538761662680,2025-09-16 17:38:58.761,,,,,,,,,,,,,,,201.9399,230.1872,-191.1940,361.0000,-48.74,31.98,469.7,,,,,,,
2,0,1758015538822868214,2025-09-16 17:38:58.822,687.1263,85.6348,46.4775,694.0000,-7.10,-3.84,460.3,,,,,,,,,,,,,,,,,,,,,
2,0,1758015538927249177,2025-09-16 17:38:58.927,,,,,,,,,,,,,,,,,,,,,,66.3795,-39.0225,-133.3679,154.0000,30.45,60.00,443.4
2,0,1758015539085606479,2025-09-16 17:38:59.085,,,,,,,,,,,,,,,207.6469,223.5251,-196.6933,363.0000,-47.11,32.81,459.2,,,,,,,
2,0,1758015539146851932,2025-09-16 17:38:59.146,688.4901,98.5997,25.9896,696.0000,-8.15,-2.14,459.3,,,,,,,,,,,,,,,,,,,,,
2,0,1758015539248053103,2025-09-16 17:38:59.248,,,,,,,,,,,,,,,194.9215,231.4768,-212.8946,370.0000,-49.90,35.13,461.9,,,,,,,
2,0,1758015539308911153,2025-09-16 17:38:59.308,680.1809,123.9778,79.9963,696.0000,-10.33,-6.60,459.9,,,,,,,,,,,,,,,,,,,,,
2,0,1758015539321909230,2025-09-16 17:38:59.321,,,,,,,,,,,,,,,,,,,,,,67.6587,-39.8063,-135.9660,157.0000,30.47,60.00,447.2
2,0,1758015539404879536,2025-09-16 17:38:59.404,,,,,,,,,,,,,,,200.7540,227.2306,-197.7577,362.0000,-48.54,33.11,456.9,,,,,,,
2,0,1758015539470911521,2025-09-16 17:38:59.470,679.4184,96.6956,61.3320,689.0000,-8.10,-5.11,450.5,,,,,,,,,,,,,,,,,,,,,
2,0,1758015539571393041,2025-09-16 17:38:59.571,,,,,,,,,,,,,,,204.7164,230.4966,-193.5421,364.0000,-48.39,32.12,459.4,,,,,,,
2,0,1758015539632909296,2025-09-16 17:38:59.632,688.4908,114.7198,-4.8729,698.0000,-9.46,0.40,454.4,,,,,,,,,,,,,,,,,,,,,
2,0,1758015539719638989,2025-09-16 17:38:59.719,,,,,,,,,,,,,,,,,,,,,,67.4733,-36.0501,-132.5019,153.0000,28.11,60.00,441.9
2,0,1758015539728712114,2025-09-16 17:38:59.728,,,,,,,,,,,,,,,206.4816,227.7175,-196.8123,365.0000,-47.80,32.63,494.5,,,,,,,
2,0,1758015539794908682,2025-09-16 17:38:59.794,690.3642,78.2909,-41.0347,696.0000,-6.47,3.38,428.4,,,,,,,,,,,,,,,,,,,,,
2,0,1758015539896238104,2025-09-16 17:38:59.896,,,,,,,,,,,,,,,204.3131,230.8528,-200.9655,368.0000,-48.49,33.10,460.1,,,,,,,
2,0,1758015539956921550,2025-09-16 17:38:59.956,693.6608,63.1281,25.6622,697.0000,-5.20,-2.11,463.4,,,,,,,,,,,,,,,,,,,,,
2,0,1758015540058153976,2025-09-16 17:39:00.058,,,,,,,,,,,,,,,201.3498,234.5872,-194.0414,365.0000,-49.36,32.12,460.7,,,,,,,
2,0,1758015540112937152,2025-09-16 17:39:00.112,,,,,,,,,,,,,,,,,,,,,,65.3211,-40.7696,-133.3679,154.0000,31.97,60.00,462.9
2,0,1758015540280897210,2025-09-16 17:39:00.280,685.4026,97.7303,30.3491,693.0000,-8.12,-2.51,415.5,,,,,,,,,,,,,,,,,,,,,
2,0,1758015540310041519,2025-09-16 17:39:00.310,,,,,,,,,,,,,,,,,,,,,,64.3389,-40.4537,-131.6359,152.0000,32.16,60.00,441.9
4,0,1758015655881291625,2025-09-16 17:40:55.881,,,,,,,,,,,,,,,85.9833,95.4941,-222.5685,257.0000,-48.00,60.00,605.4,,,,,,,
4,0,1758015655944517561,2025-09-16 17:40:55.944,,,,,,,,,,,,,,,,,,,,,,169.8405,-154.8684,-112.7207,256.0000,42.36,26.12,542.4
4,0,1758015656046715259,2025-09-16 17:40:56.046,,,,,,,,,,,,,,,84.9796,94.3794,-219.9705,254.0000,-48.00,60.00,657.5,,,,,,,
4,0,1758015656108976246,2025-09-16 17:40:56.108,627.8440,65.7675,-58.6731,634.0000,-5.98,5.31,595.3,,,,,,,,,,,,,,,,,,,,,
4,0,1758015656142888908,2025-09-16 17:40:56.142,,,,,,,,,,,,,,,,,,,,,,156.1000,-156.7498,-132.7640,258.0000,45.12,30.97,561.5
4,0,1758015656271028053,2025-09-16 17:40:56.271,620.5998,66.6517,-77.8107,629.0000,-6.13,7.11,433.4,,,,,,,,,,,,,,,,,,,,,
4,0,1758015656204168496,2025-09-16 17:40:56.204,,,,,,,,,,,,,,,84.9796,94.3794,-219.9705,254.0000,-48.00,60.00,500.3,,,,,,,
4,0,1758015656370579522,2025-09-16 17:40:56.370,,,,,,,,,,,,,,,83.9759,93.2647,-217.3724,251.0000,-48.00,60.00,544.7,,,,,,,
4,0,1758015656432995248,2025-09-16 17:40:56.432,626.7096,85.8485,-66.0385,636.0000,-7.80,5.96,482.4,,,,,,,,,,,,,,,,,,,,,
4,0,1758015656539533161,2025-09-16 17:40:56.539,,,,,,,,,,,,,,,,,,,,,,160.3687,-157.7040,-120.1512,255.0000,44.52,28.11,578.9
4,0,1758015656595025517,2025-09-16 17:40:56.595,629.3967,89.6100,-53.6084,638.0000,-8.10,4.82,523.5,,,,,,,,,,,,,,,,,,,,,
4,0,1758015656692850809,2025-09-16 17:40:56.692,,,,,,,,,,,,,,,63.3859,107.7368,-216.5064,250.0000,-59.53,60.00,1259.8,,,,,,,
4,0,1758015656757020416,2025-09-16 17:40:56.757,625.8143,61.2514,-80.9980,634.0000,-5.59,7.34,1196.1,,,,,,,,,,,,,,,,,,,,,
4,0,1758015656736577002,2025-09-16 17:40:56.736,,,,,,,,,,,,,,,,,,,,,,172.6341,-154.7326,-110.9247,257.0000,41.87,25.57,1216.7
4,0,1758015656919026426,2025-09-16 17:40:56.919,629.7909,86.2706,-41.1071,637.0000,-7.80,3.70,1034.4,,,,,,,,,,,,,,,,,,,,,
4,0,1758015656931959535,2025-09-16 17:40:56.931,,,,,,,,,,,,,,,,,,,,,,179.8607,-151.9403,-110.2918,260.0000,40.19,25.10,1021.5
4,0,1758015657018185364,2025-09-16 17:40:57.018,,,,,,,,,,,,,,,83.6413,92.8931,-216.5064,250.0000,-48.00,60.00,935.4,,,,,,,
4,0,1758015657081001880,2025-09-16 17:40:57.081,627.4118,79.0380,-67.8488,636.0000,-7.18,6.12,872.7,,,,,,,,,,,,,,,,,,,,,
4,0,1758015657133054220,2025-09-16 17:40:57.133,,,,,,,,,,,,,,,,,,,,,,175.5539,-156.7429,-105.7191,258.0000,41.76,24.19,820.8
4,0,1758015657176753548,2025-09-16 17:40:57.176,,,,,,,,,,,,,,,84.6450,94.0078,-219.1044,253.0000,-48.00,60.00,777.1,,,,,,,
4,0,1758015657331565822,2025-09-16 17:40:57.331,,,,,,,,,,,,,,,,,,,,,,164.4701,-161.0610,-114.2712,257.0000,44.40,26.40,622.4
4,0,1758015657343259609,2025-09-16 17:40:57.343,,,,,,,,,,,,,,,84.3105,93.6362,-218.2384,252.0000,-48.00,60.00,610.9,,,,,,,
4,0,1758015657405040880,2025-09-16 17:40:57.405,620.9906,70.8627,-100.1904,633.0000,-6.51,9.11,549.2,,,,,,,,,,,,,,,,,,,,,
4,0,1758015657500583274,2025-09-16 17:40:57.500,,,,,,,,,,,,,,,84.6450,94.0078,-219.1044,253.0000,-48.00,60.00,461.4,,,,,,,
4,0,1758015657567065501,2025-09-16 17:40:57.567,622.9639,88.8939,-85.0812,635.0000,-8.12,7.70,410.2,,,,,,,,,,,,,,,,,,,,,
4,0,1758015657667076058,2025-09-16 17:40:57.667,,,,,,,,,,,,,,,84.3105,93.6362,-218.2384,252.0000,-48.00,60.00,472.5,,,,,,,
4,0,1758015657726882925,2025-09-16 17:40:57.726,,,,,,,,,,,,,,,,,,,,,,161.7080,-159.5214,-120.2183,257.0000,44.61,27.89,459.2
4,0,1758015657891012704,2025-09-16 17:40:57.891,626.5903,81.9360,-36.8792,633.0000,-7.45,3.34,452.2,,,,,,,,,,,,,,,,,,,,,
4,0,1758015657829003134,2025-09-16 17:40:57.829,,,,,,,,,,,,,,,84.9796,94.3794,-219.9705,254.0000,-48.00,60.00,514.4,,,,,,,
4,0,1758015657922136651,2025-09-16 17:40:57.922,,,,,,,,,,,,,,,,,,,,,,160.8905,-156.0390,-127.7892,258.0000,44.12,29.69,596.6
4,0,1758015658053010676,2025-09-16 17:40:58.053,625.3797,92.3480,-93.2367,639.0000,-8.40,8.39,465.9,,,,,,,,,,,,,,,,,,,,,
4,0,1758015657986339614,2025-09-16 17:40:57.986,,,,,,,,,,,,,,,85.3142,94.7510,-220.8365,255.0000,-48.00,60.00,532.7,,,,,,,
4,0,1758015658123056175,2025-09-16 17:40:58.123,,,,,,,,,,,,,,,,,,,,,,163.1307,-153.1364,-120.2232,254.0000,43.19,28.25,589.6
4,0,1758015658152810472,2025-09-16 17:40:58.152,,,,,,,,,,,,,,,84.3105,93.6362,-218.2384,252.0000,-48.00,60.00,560.0,,,,,,,
4,0,1758015658215036537,2025-09-16 17:40:58.215,631.1508,40.9253,-56.5583,635.0000,-3.71,5.11,497.8,,,,,,,,,,,,,,,,,,,,,
4,0,1758015658311405859,2025-09-16 17:40:58.311,,,,,,,,,,,,,,,84.3105,93.6362,-218.2384,252.0000,-48.00,60.00,560.3,,,,,,,
4,0,1758015658377024508,2025-09-16 17:40:58.377,623.5299,106.1339,-83.6069,638.0000,-9.66,7.53,494.8,,,,,,,,,,,,,,,,,,,,,
4,0,1758015658539040517,2025-09-16 17:40:58.539,629.8600,57.2109,-75.9753,637.0000,-5.19,6.85,413.5,,,,,,,,,,,,,,,,,,,,,
4,0,1758015658518489103,2025-09-16 17:40:58.518,,,,,,,,,,,,,,,,,,,,,,159.3429,-159.9000,-124.9233,258.0000,45.10,28.96,485.2
4,0,1758015658638505572,2025-09-16 17:40:58.638,,,,,,,,,,,,,,,83.3068,92.5215,-215.6403,249.0000,-48.00,60.00,455.3,,,,,,,
4,0,1758015658701059600,2025-09-16 17:40:58.701,624.4006,104.3768,-34.4296,634.0000,-9.49,3.11,454.9,,,,,,,,,,,,,,,,,,,,,
4,0,1758015658716846584,2025-09-16 17:40:58.716,,,,,,,,,,,,,,,,,,,,,,170.9009,-154.7462,-115.8036,258.0000,42.16,26.67,496.6
4,0,1758015658795979439,2025-09-16 17:40:58.795,,,,,,,,,,,,,,,83.9759,93.2647,-217.3724,251.0000,-48.00,60.00,480.5,,,,,,,
4,0,1758015658913489268,2025-09-16 17:40:58.913,,,,,,,,,,,,,,,,,,,,,,168.7691,-159.4854,-112.4518,258.0000,43.38,25.84,442.8
4,0,1758015658962453667,2025-09-16 17:40:58.962,,,,,,,,,,,,,,,83.9759,93.2647,-217.3724,251.0000,-48.00,60.00,459.2,,,,,,,
4,0,1758015659025074561,2025-09-16 17:40:59.025,618.9834,100.6969,-60.1639,630.0000,-9.24,5.48,459.6,,,,,,,,,,,,,,,,,,,,,
4,0,1758015659109513614,2025-09-16 17:40:59.109,,,,,,,,,,,,,,,,,,,,,,167.8973,-156.3478,-113.5864,256.0000,42.96,26.34,445.8
4,0,1758015659124037211,2025-09-16 17:40:59.124,,,,,,,,,,,,,,,84.9796,94.3794,-219.9705,254.0000,-48.00,60.00,489.8,,,,,,,
4,0,1758015659187073995,2025-09-16 17:40:59.187,615.0348,130.5053,-73.4137,633.0000,-11.98,6.66,427.0,,,,,,,,,,,,,,,,,,,,,
4,0,1758015659282847632,2025-09-16 17:40:59.282,,,,,,,,,,,,,,,84.3105,93.6362,-218.2384,252.0000,-48.00,60.00,459.1,,,,,,,
4,0,1758015659349112929,2025-09-16 17:40:59.349,624.3885,67.3893,-49.9773,630.0000,-6.16,4.55,458.4,,,,,,,,,,,,,,,,,,,,,
4,0,1758015659449343156,2025-09-16 17:40:59.449,,,,,,,,,,,,,,,83.6413,92.8931,-216.5064,250.0000,-48.00,60.00,1085.7,,,,,,,
4,0,1758015659508625191,2025-09-16 17:40:59.508,,,,,,,,,,,,,,,,,,,,,,162.9357,-159.5584,-111.8441,254.0000,44.40,26.12,1027.5
4,0,1758015659606624100,2025-09-16 17:40:59.606,,,,,,,,,,,,,,,84.3105,93.6362,-218.2384,252.0000,-48.00,60.00,929.7,,,,,,,
4,0,1758015659673092037,2025-09-16 17:40:59.673,634.1409,79.5485,-49.1769,641.0000,-7.15,4.40,863.4,,,,,,,,,,,,,,,,,,,,,
4,0,1758015659707414128,2025-09-16 17:40:59.707,,,,,,,,,,,,,,,,,,,,,,159.8850,-157.6681,-122.9372,256.0000,44.60,28.70,829.2
4,0,1758015659773163197,2025-09-16 17:40:59.773,,,,,,,,,,,,,,,84.9796,94.3794,-219.9705,254.0000,-48.00,60.00,773.5,,,,,,,
4,0,1758015659835102323,2025-09-16 17:40:59.835,620.3588,135.2601,-62.4795,638.0000,-12.30,5.62,711.8,,,,,,,,,,,,,,,,,,,,,
4,0,1758015659904430506,2025-09-16 17:40:59.904,,,,,,,,,,,,,,,,,,,,,,166.0742,-160.2080,-113.1449,257.0000,43.97,26.12,642.8
4,0,1758015659934995849,2025-09-16 17:40:59.934,,,,,,,,,,,,,,,83.6413,92.8931,-216.5064,250.0000,-48.00,60.00,612.4,,,,,,,
4,0,1758015659997103405,2025-09-16 17:40:59.997,599.9481,169.6551,-83.1893,629.0000,-15.79,7.60,550.4,,,,,,,,,,,,,,,,,,,,,
4,0,1758015660103632671,2025-09-16 17:41:00.103,,,,,,,,,,,,,,,,,,,,,,169.8155,-151.4596,-121.6005,258.0000,41.73,28.12,509.3
4,0,1758015660159197987,2025-09-16 17:41:00.159,630.8802,56.4710,-57.4212,636.0000,-5.12,5.18,453.8,,,,,,,,,,,,,,,,,,,,,
4,0,1758015660258860390,2025-09-16 17:41:00.258,,,,,,,,,,,,,,,83.3068,92.5215,-215.6403,249.0000,-48.00,60.00,458.2,,,,,,,
4,0,1758015660321111011,2025-09-16 17:41:00.321,621.4185,110.9825,-47.0208,633.0000,-10.13,4.26,448.2,,,,,,,,,,,,,,,,,,,,,
4,0,1758015660416882396,2025-09-16 17:41:00.416,,,,,,,,,,,,,,,83.9759,93.2647,-217.3724,251.0000,-48.00,60.00,459.4,,,,,,,
4,0,1758015660498819484,2025-09-16 17:41:00.498,,,,,,,,,,,,,,,,,,,,,,162.7329,-162.7329,-120.9794,260.0000,45.00,27.73,442.2
4,0,1758015660580179488,2025-09-16 17:41:00.580,,,,,,,,,,,,,,,83.9759,93.2647,-217.3724,251.0000,-48.00,60.00,458.4,,,,,,,
4,0,1758015660645102470,2025-09-16 17:41:00.645,609.3652,117.7865,-81.7094,626.0000,-10.94,7.50,456.4,,,,,,,,,,,,,,,,,,,,,
4,0,1758015660697573260,2025-09-16 17:41:00.697,,,,,,,,,,,,,,,,,,,,,,159.3123,-163.7672,-119.8495,258.0000,45.79,27.68,485.5
4,0,1758015660744678395,2025-09-16 17:41:00.744,,,,,,,,,,,,,,,83.9759,93.2647,-217.3724,251.0000,-48.00,60.00,498.0,,,,,,,
4,0,1758015660807130551,2025-09-16 17:41:00.807,623.7831,111.7868,-73.7723,638.0000,-10.16,6.64,435.7,,,,,,,,,,,,,,,,,,,,,
6,0,1758015790341992920,2025-09-16 17:43:10.341,,,,,,,,,,,,,,,45.7530,58.7955,-129.0378,149.0000,-52.11,60.00,458.5,,,,,,,
6,0,1758015790405248976,2025-09-16 17:43:10.405,454.5618,344.0568,-211.3349,608.0000,-37.12,20.34,452.2,,,,,,,,,,,,,,,,,,,,,
6,0,1758015790499471398,2025-09-16 17:43:10.499,,,,,,,,,,,,,,,44.7230,59.5828,-129.0378,149.0000,-53.11,60.00,458.1,,,,,,,
6,0,1758015790567274009,2025-09-16 17:43:10.567,478.0132,325.3455,-177.9852,605.0000,-34.24,17.11,452.7,,,,,,,,,,,,,,,,,,,,,
6,0,1758015790584524763,2025-09-16 17:43:10.584,,,,,,,,,,,,,,,,,,,,,,199.6160,-191.5587,-250.1754,373.0000,43.82,42.12,489.6
6,0,1758015790665959052,2025-09-16 17:43:10.665,,,,,,,,,,,,,,,43.6273,61.0054,-129.9038,150.0000,-54.43,60.00,457.5,,,,,,,
6,0,1758015790729253004,2025-09-16 17:43:10.729,443.4535,346.0901,-233.3488,609.0000,-37.97,22.53,452.5,,,,,,,,,,,,,,,,,,,,,
6,0,1758015790781064857,2025-09-16 17:43:10.781,,,,,,,,,,,,,,,,,,,,,,206.8771,-194.4745,-237.2373,370.0000,43.23,39.88,457.4
6,0,1758015790827935516,2025-09-16 17:43:10.827,,,,,,,,,,,,,,,43.9234,59.5545,-128.1718,148.0000,-53.59,60.00,471.3,,,,,,,
6,0,1758015790891264222,2025-09-16 17:43:10.891,464.4132,356.8722,-177.5009,612.0000,-37.54,16.86,408.2,,,,,,,,,,,,,,,,,,,,,
6,0,1758015790985400420,2025-09-16 17:43:10.985,,,,,,,,,,,,,,,43.7142,61.5574,-130.7698,151.0000,-54.62,60.00,456.9,,,,,,,
6,0,1758015791054287930,2025-09-16 17:43:11.054,474.2959,309.3666,-218.5971,607.0000,-33.12,21.11,444.1,,,,,,,,,,,,,,,,,,,,,
6,0,1758015791177435668,2025-09-16 17:43:11.177,,,,,,,,,,,,,,,,,,,,,,212.8387,-182.2960,-244.6463,372.0000,40.58,41.12,442.9
6,0,1758015791215349639,2025-09-16 17:43:11.215,490.5656,309.2845,-182.6267,608.0000,-32.23,17.48,471.5,,,,,,,,,,,,,,,,,,,,,
6,0,1758015791311130247,2025-09-16 17:43:11.311,,,,,,,,,,,,,,,43.0666,60.1770,-128.1718,148.0000,-54.41,60.00,453.2,,,,,,,
6,0,1758015791377250208,2025-09-16 17:43:11.377,460.9718,369.8367,-151.0820,610.0000,-38.74,14.34,439.9,,,,,,,,,,,,,,,,,,,,,
6,0,1758015791473145710,2025-09-16 17:43:11.473,,,,,,,,,,,,,,,45.6787,60.1141,-130.7698,151.0000,-52.77,60.00,458.3,,,,,,,
6,0,1758015791539273851,2025-09-16 17:43:11.539,482.5438,329.9101,-187.9010,614.0000,-34.36,17.82,447.4,,,,,,,,,,,,,,,,,,,,,
6,0,1758015791574075381,2025-09-16 17:43:11.574,,,,,,,,,,,,,,,,,,,,,,218.4846,-199.4339,-233.7083,377.0000,42.39,38.31,463.9
6,0,1758015791636610281,2025-09-16 17:43:11.636,,,,,,,,,,,,,,,44.4358,57.2862,-125.5737,145.0000,-52.20,60.00,467.0,,,,,,,
6,0,1758015791770998648,2025-09-16 17:43:11.770,,,,,,,,,,,,,,,,,,,,,,226.3832,-192.9399,-225.0641,373.0000,40.44,37.11,442.3
6,0,1758015791797608038,2025-09-16 17:43:11.797,,,,,,,,,,,,,,,44.7484,60.1879,-129.9038,150.0000,-53.37,60.00,484.5,,,,,,,
6,0,1758015791864256683,2025-09-16 17:43:11.864,447.7580,351.2512,-208.2578,606.0000,-38.11,20.10,418.0,,,,,,,,,,,,,,,,,,,,,
6,0,1758015791965194048,2025-09-16 17:43:11.965,,,,,,,,,,,,,,,,,,,,,,190.8498,-181.3631,-258.5436,369.0000,43.54,44.48,445.4
6,0,1758015792025280059,2025-09-16 17:43:12.025,487.0934,331.0283,-155.0526,609.0000,-34.20,14.75,435.6,,,,,,,,,,,,,,,,,,,,,
6,0,1758015792122719430,2025-09-16 17:43:12.122,,,,,,,,,,,,,,,44.4094,59.1929,-128.1718,148.0000,-53.12,60.00,460.2,,,,,,,
6,0,1758015792163411324,2025-09-16 17:43:12.163,,,,,,,,,,,,,,,,,,,,,,194.7419,-182.3000,-267.8176,378.0000,43.11,45.11,470.2
6,0,1758015792280938785,2025-09-16 17:43:12.280,,,,,,,,,,,,,,,45.5485,58.9541,-129.0378,149.0000,-52.31,60.00,457.4,,,,,,,
6,0,1758015792349329474,2025-09-16 17:43:12.349,461.1139,353.0586,-176.5576,607.0000,-37.44,16.91,463.8,,,,,,,,,,,,,,,,,,,,,
6,0,1758015792364801726,2025-09-16 17:43:12.364,,,,,,,,,,,,,,,,,,,,,,234.9341,-198.6753,-228.0857,383.0000,40.22,36.55,511.9
6,0,1758015792447576011,2025-09-16 17:43:12.447,,,,,,,,,,,,,,,46.4384,58.2557,-129.0378,149.0000,-51.44,60.00,490.1,,,,,,,
6,0,1758015792511332839,2025-09-16 17:43:12.511,478.2018,345.3978,-159.1991,611.0000,-35.84,15.10,426.5,,,,,,,,,,,,,,,,,,,,,
6,0,1758015792560034102,2025-09-16 17:43:12.560,,,,,,,,,,,,,,,,,,,,,,216.9710,-193.7902,-236.6304,375.0000,41.77,39.12,445.0
6,0,1758015792605000082,2025-09-16 17:43:12.605,,,,,,,,,,,,,,,44.0735,60.0647,-129.0378,149.0000,-53.73,60.00,459.5,,,,,,,
6,0,1758015792760882368,2025-09-16 17:43:12.760,,,,,,,,,,,,,,,,,,,,,,205.2127,-188.4385,-243.4721,370.0000,42.56,41.15,445.6
6,0,1758015792771410960,2025-09-16 17:43:12.771,,,,,,,,,,,,,,,43.2345,60.0565,-128.1718,148.0000,-54.25,60.00,485.4,,,,,,,
6,0,1758015792835346476,2025-09-16 17:43:12.835,482.8677,315.0177,-205.2964,612.0000,-33.12,19.60,421.6,,,,,,,,,,,,,,,,,,,,,
6,0,1758015792997365674,2025-09-16 17:43:12.997,419.6325,392.8638,-204.1239,610.0000,-43.11,19.55,412.8,,,,,,,,,,,,,,,,,,,,,
6,0,1758015793092697836,2025-09-16 17:43:13.092,,,,,,,,,,,,,,,44.3283,58.0000,-126.4397,146.0000,-52.61,60.00,461.6,,,,,,,
6,0,1758015793157656186,2025-09-16 17:43:13.157,,,,,,,,,,,,,,,,,,,,,,214.0271,-204.8148,-226.6546,373.0000,43.74,37.42,451.8
6,0,1758015793258385206,2025-09-16 17:43:13.258,,,,,,,,,,,,,,,43.9056,60.1876,-129.0378,149.0000,-53.89,60.00,460.8,,,,,,,
6,0,1758015793355141008,2025-09-16 17:43:13.355,,,,,,,,,,,,,,,,,,,,,,200.6222,-193.5357,-256.7794,379.0000,43.97,42.65,440.1
6,0,1758015793416239012,2025-09-16 17:43:13.416,,,,,,,,,,,,,,,44.7469,62.6635,-133.3679,154.0000,-54.47,60.00,454.4,,,,,,,
6,0,1758015793553784790,2025-09-16 17:43:13.553,,,,,,,,,,,,,,,,,,,,,,207.1481,-204.9901,-235.9951,375.0000,44.70,39.00,444.5
6,0,1758015793579652861,2025-09-16 17:43:13.579,,,,,,,,,,,,,,,43.9652,60.7623,-129.9038,150.0000,-54.11,60.00,476.5,,,,,,,
6,0,1758015793645392762,2025-09-16 17:43:13.645,466.9223,320.1874,-221.6475,608.0000,-34.44,21.38,410.9,,,,,,,,,,,,,,,,,,,,,
6,0,1758015793752149249,2025-09-16 17:43:13.752,,,,,,,,,,,,,,,,,,,,,,206.2781,-205.9903,-242.1948,379.0000,44.96,39.72,444.1
6,0,1758015793807412774,2025-09-16 17:43:13.807,448.4435,359.6567,-191.7850,606.0000,-38.73,18.45,439.4,,,,,,,,,,,,,,,,,,,,,
6,0,1758015793903460088,2025-09-16 17:43:13.903,,,,,,,,,,,,,,,47.0942,58.3707,-129.9038,150.0000,-51.10,60.00,459.8,,,,,,,
6,0,1758015793946305892,2025-09-16 17:43:13.946,,,,,,,,,,,,,,,,,,,,,,235.0500,-191.0608,-217.6609,373.0000,39.11,35.70,490.0
6,0,1758015794068071863,2025-09-16 17:43:14.068,,,,,,,,,,,,,,,46.2537,59.6729,-130.7698,151.0000,-52.22,60.00,456.1,,,,,,,
6,0,1758015794131414132,2025-09-16 17:43:14.131,442.0876,370.5613,-195.2533,609.0000,-39.97,18.70,454.0,,,,,,,,,,,,,,,,,,,,,
6,0,1758015794148451496,2025-09-16 17:43:14.148,,,,,,,,,,,,,,,,,,,,,,238.9684,-201.2372,-209.2217,376.0000,40.10,33.81,489.8
6,0,1758015794229588446,2025-09-16 17:43:14.229,,,,,,,,,,,,,,,43.5797,59.8065,-128.1718,148.0000,-53.92,60.00,464.5,,,,,,,
6,0,1758015794293410996,2025-09-16 17:43:14.293,473.5552,340.0333,-179.5071,610.0000,-35.68,17.11,459.8,,,,,,,,,,,,,,,,,,,,,
6,0,1758015794345695846,2025-09-16 17:43:14.345,,,,,,,,,,,,,,,,,,,,,,220.8341,-199.6299,-221.4073,371.0000,42.11,36.64,474.0
6,0,1758015794387497325,2025-09-16 17:43:14.387,,,,,,,,,,,,,,,45.7478,58.7995,-129.0378,149.0000,-52.12,60.00,485.0,,,,,,,
6,0,1758015794455422304,2025-09-16 17:43:14.455,472.9771,332.6729,-177.8944,605.0000,-35.12,17.10,417.2,,,,,,,,,,,,,,,,,,,,,
6,0,1758015794544468843,2025-09-16 17:43:14.544,,,,,,,,,,,,,,,,,,,,,,228.9349,-202.3309,-210.4568,371.0000,41.47,34.56,446.1
6,0,1758015794617411834,2025-09-16 17:43:14.617,487.6611,333.2838,-171.2703,615.0000,-34.35,16.17,433.1,,,,,,,,,,,,,,,,,,,,,
6,0,1758015794713276799,2025-09-16 17:43:14.713,,,,,,,,,,,,,,,42.7026,59.8226,-127.3057,147.0000,-54.48,60.00,458.3,,,,,,,
6,0,1758015794779460161,2025-09-16 17:43:14.779,412.0969,372.3843,-224.2924,599.0000,-42.10,21.99,455.5,,,,,,,,,,,,,,,,,,,,,
6,0,1758015794877903315,2025-09-16 17:43:14.877,,,,,,,,,,,,,,,44.1857,61.2199,-130.7698,151.0000,-54.18,60.00,461.1,,,,,,,
6,0,1758015794935881134,2025-09-16 17:43:14.935,,,,,,,,,,,,,,,,,,,,,,238.4029,-197.1540,-199.2946,368.0000,39.59,32.79,460.5
6,0,1758015795039835039,2025-09-16 17:43:15.039,,,,,,,,,,,,,,,45.4347,58.4097,-128.1718,148.0000,-52.12,60.00,458.5,,,,,,,
6,0,1758015795103432240,2025-09-16 17:43:15.103,453.0782,372.9579,-177.1765,613.0000,-39.46,16.80,456.0,,,,,,,,,,,,,,,,,,,,,
6,0,1758015795137194599,2025-09-16 17:43:15.137,,,,,,,,,,,,,,,,,,,,,,237.9581,-207.8768,-209.2944,379.0000,41.14,33.52,487.1
6,0,1758015795197263221,2025-09-16 17:43:15.197,,,,,,,,,,,,,,,44.9183,59.4357,-129.0378,149.0000,-52.92,60.00,484.7,,,,,,,
6,0,1758015795265480641,2025-09-16 17:43:15.265,471.4052,349.7136,-158.5609,608.0000,-36.57,15.12,416.7,,,,,,,,,,,,,,,,,,,,,
8,3,1758015901795801070,2025-09-16 17:45:01.795,,,,,,,,,,,,,,,176.4651,-82.7600,5.9890,195.0000,25.13,-1.76,459.0,,,,,,,
8,3,1758015901858881438,2025-09-16 17:45:01.858,,,,,,,,,,,,,,,,,,,,,,465.4445,-192.4129,-168.2251,531.0000,22.46,18.47,444.7
8,3,1758015901952174028,2025-09-16 17:45:01.952,,,,,,,,,,,,,,,183.3130,-76.7943,9.9986,199.0000,22.73,-2.88,514.4,,,,,,,
8,3,1758015902056012879,2025-09-16 17:45:02.056,,,,,,,,,,,,,,,,,,,,,,433.6183,-203.2878,-217.5437,526.0000,25.12,24.43,513.9
8,3,1758015902119657518,2025-09-16 17:45:02.119,,,,,,,,,,,,,,,184.6229,-73.0601,13.3271,199.0000,21.59,-3.84,551.9,,,,,,,
8,3,1758015902253823535,2025-09-16 17:45:02.253,,,,,,,,,,,,,,,,,,,,,,430.6136,-192.6589,-221.1232,521.0000,24.10,25.11,466.2
8,3,1758015902277220865,2025-09-16 17:45:02.277,,,,,,,,,,,,,,,183.9056,-72.9991,7.3383,198.0000,21.65,-2.12,599.9,,,,,,,
8,3,1758015902448205861,2025-09-16 17:45:02.448,,,,,,,,,,,,,,,,,,,,,,449.7057,-196.0978,-189.7009,526.0000,23.56,21.14,531.8
8,3,1758015902605667298,2025-09-16 17:45:02.605,,,,,,,,,,,,,,,180.3506,-76.4057,7.1993,196.0000,22.96,-2.10,473.8,,,,,,,
8,3,1758015902763063740,2025-09-16 17:45:02.763,,,,,,,,,,,,,,,180.1950,-76.8969,5.7120,196.0000,23.11,-1.67,515.4,,,,,,,
8,3,1758015902848041388,2025-09-16 17:45:02.848,,,,,,,,,,,,,,,,,,,,,,443.0287,-217.9971,-163.1037,520.0000,26.20,18.28,541.2
8,3,1758015902929615208,2025-09-16 17:45:02.929,,,,,,,,,,,,,,,181.1258,-79.9615,-1.9006,198.0000,23.82,0.55,557.7,,,,,,,
8,3,1758015903041748715,2025-09-16 17:45:03.041,,,,,,,,,,,,,,,,,,,,,,424.1649,-187.3444,-241.8993,523.0000,23.83,27.55,445.8
8,3,1758015903244172227,2025-09-16 17:45:03.244,,,,,,,,,,,,,,,,,,,,,,450.1338,-180.4053,-208.8480,528.0000,21.84,23.30,538.0
8,3,1758015903253312733,2025-09-16 17:45:03.253,,,,,,,,,,,,,,,182.8510,-78.3700,4.9662,199.0000,23.20,-1.43,645.0,,,,,,,
8,3,1758015903415363566,2025-09-16 17:45:03.415,,,,,,,,,,,,,,,183.7260,-70.9492,4.4694,197.0000,21.11,-1.30,483.1,,,,,,,
8,3,1758015903572737712,2025-09-16 17:45:03.572,,,,,,,,,,,,,,,181.5267,-76.5306,-0.3576,197.0000,22.86,0.10,515.6,,,,,,,
8,3,1758015903640765459,2025-09-16 17:45:03.640,,,,,,,,,,,,,,,,,,,,,,442.9689,-179.8710,-201.9553,519.0000,22.10,22.90,562.4
8,3,1758015903739233811,2025-09-16 17:45:03.739,,,,,,,,,,,,,,,182.9248,-79.5759,14.3587,200.0000,23.51,-4.12,464.1,,,,,,,
8,3,1758015903901287440,2025-09-16 17:45:03.901,,,,,,,,,,,,,,,180.9937,-78.9238,14.7079,198.0000,23.56,-4.26,494.1,,,,,,,
8,3,1758015904036233796,2025-09-16 17:45:04.036,,,,,,,,,,,,,,,,,,,,,,458.7739,-198.3391,-160.6645,525.0000,23.38,17.82,479.6
8,3,1758015904058704419,2025-09-16 17:45:04.058,,,,,,,,,,,,,,,186.8542,-78.2011,13.3829,203.0000,22.71,-3.78,557.3,,,,,,,
8,3,1758015904233644030,2025-09-16 17:45:04.233,,,,,,,,,,,,,,,,,,,,,,472.6520,-175.5899,-153.2881,527.0000,20.38,16.91,486.9
8,3,1758015904384482393,2025-09-16 17:45:04.384,,,,,,,,,,,,,,,180.9658,-78.3859,17.6355,198.0000,23.42,-5.11,523.1,,,,,,,
8,3,1758015904546470616,2025-09-16 17:45:04.546,,,,,,,,,,,,,,,185.4689,-76.3690,13.0410,201.0000,22.38,-3.72,477.6,,,,,,,
8,3,1758015904828739312,2025-09-16 17:45:04.828,,,,,,,,,,,,,,,,,,,,,,385.0976,-218.7659,-272.4727,520.0000,29.60,31.60,488.4
8,3,1758015904870367175,2025-09-16 17:45:04.870,,,,,,,,,,,,,,,181.3571,-73.7152,9.5746,196.0000,22.12,-2.80,567.2,,,,,,,
8,3,1758015905025887098,2025-09-16 17:45:05.025,,,,,,,,,,,,,,,,,,,,,,461.2382,-208.2570,-147.0283,527.0000,24.30,16.20,514.9
8,3,1758015905036035749,2025-09-16 17:45:05.036,,,,,,,,,,,,,,,183.6586,-70.9637,6.5316,197.0000,21.13,-1.90,504.9,,,,,,,
8,3,1758015905195021019,2025-09-16 17:45:05.195,,,,,,,,,,,,,,,182.1046,-77.6855,-2.6263,198.0000,23.10,0.76,454.0,,,,,,,
8,3,1758015905354286784,2025-09-16 17:45:05.354,,,,,,,,,,,,,,,185.6231,-75.6380,14.9658,201.0000,22.17,-4.27,475.0,,,,,,,
8,3,1758015905422602714,2025-09-16 17:45:05.422,,,,,,,,,,,,,,,,,,,,,,482.3463,-200.8802,-39.5624,524.0000,22.61,4.33,527.5
8,3,1758015905520775086,2025-09-16 17:45:05.520,,,,,,,,,,,,,,,181.0916,-75.3070,18.5393,197.0000,22.58,-5.40,531.6,,,,,,,
8,3,1758015905620421955,2025-09-16 17:45:05.620,,,,,,,,,,,,,,,,,,,,,,448.0111,-210.0545,-178.4353,526.0000,25.12,19.83,530.3
8,3,1758015905678236249,2025-09-16 17:45:05.678,,,,,,,,,,,,,,,180.9244,-79.7217,10.7145,198.0000,23.78,-3.10,472.7,,,,,,,
8,3,1758015905845088175,2025-09-16 17:45:05.845,,,,,,,,,,,,,,,181.0028,-78.2144,18.0141,198.0000,23.37,-5.22,495.8,,,,,,,
8,3,1758015906015900853,2025-09-16 17:45:06.015,,,,,,,,,,,,,,,,,,,,,,456.4184,-175.0198,-188.7492,524.0000,20.98,21.11,443.1
8,3,1758015906169015789,2025-09-16 17:45:06.169,,,,,,,,,,,,,,,185.2559,-75.2661,3.9058,200.0000,22.11,-1.12,479.6,,,,,,,
8,3,1758015906412391724,2025-09-16 17:45:06.412,,,,,,,,,,,,,,,,,,,,,,452.8405,-200.6713,-191.3831,531.0000,23.90,21.13,543.6
8,3,1758015906493032901,2025-09-16 17:45:06.493,,,,,,,,,,,,,,,180.2662,-79.4317,-1.9254,197.0000,23.78,0.56,468.7,,,,,,,
8,3,1758015906609918618,2025-09-16 17:45:06.609,,,,,,,,,,,,,,,,,,,,,,454.2523,-185.9321,-180.5910,523.0000,22.26,20.20,462.8
8,7,1758016008064549146,2025-09-16 17:46:48.064,,,,,,,,,,,,,,,209.6199,-363.0724,-81.0365,427.0000,60.00,10.94,452.8,,,,,,,
8,7,1758016008131018877,2025-09-16 17:46:48.131,127.4668,-76.9263,148.1032,210.0000,31.11,-44.85,437.6,,,,,,,,,,,,,,,,,,,,,
8,7,1758016008183357569,2025-09-16 17:46:48.183,,,,,,,,,,,,,,,,,,,,,,609.3055,72.0082,-217.6295,651.0000,-6.74,19.53,442.1
8,7,1758016008222080975,2025-09-16 17:46:48.222,,,,,,,,,,,,,,,194.2575,-332.0327,-187.6229,428.0000,59.67,26.00,459.1,,,,,,,
8,7,1758016008292977862,2025-09-16 17:46:48.292,106.5559,-17.6020,187.0615,216.0000,9.38,-60.00,435.6,,,,,,,,,,,,,,,,,,,,,
8,7,1758016008380342315,2025-09-16 17:46:48.380,,,,,,,,,,,,,,,,,,,,,,587.9425,52.6380,-274.5065,651.0000,-5.12,24.94,440.9
8,7,1758016008455020645,2025-09-16 17:46:48.455,111.2661,-17.4437,179.6095,212.0000,8.91,-57.91,416.5,,,,,,,,,,,,,,,,,,,,,
8,7,1758016008548025650,2025-09-16 17:46:48.548,,,,,,,,,,,,,,,184.9137,-288.6972,-257.8796,429.0000,57.36,36.95,455.1,,,,,,,
8,7,1758016008616972482,2025-09-16 17:46:48.616,106.1124,9.0784,184.4634,213.0000,-4.89,-60.00,437.1,,,,,,,,,,,,,,,,,,,,,
8,7,1758016008710757214,2025-09-16 17:46:48.710,,,,,,,,,,,,,,,177.9478,-285.8850,-260.9221,426.0000,58.10,37.77,456.8,,,,,,,
8,7,1758016008777264560,2025-09-16 17:46:48.777,,,,,,,,,,,,,,,,,,,,,,623.6211,76.2396,-181.6599,654.0000,-6.97,16.13,444.7
8,7,1758016008874373264,2025-09-16 17:46:48.874,,,,,,,,,,,,,,,192.8461,-302.8243,-242.0679,433.0000,57.51,33.99,455.9,,,,,,,
8,7,1758016008940941953,2025-09-16 17:46:48.940,105.7204,-19.4796,186.1955,215.0000,10.44,-60.00,452.1,,,,,,,,,,,,,,,,,,,,,
8,7,1758016009010131847,2025-09-16 17:46:49.010,,,,,,,,378.1090,339.6153,-109.9776,520.0000,-41.93,12.21,446.9,,,,,,,,,,,,,,
8,7,1758016009031717762,2025-09-16 17:46:49.031,,,,,,,,,,,,,,,157.7262,-266.5942,-301.1213,432.0000,59.39,44.19,483.3,,,,,,,
8,7,1758016009103014402,2025-09-16 17:46:49.103,101.0209,-20.0943,178.4012,206.0000,11.25,-60.00,412.2,,,,,,,,,,,,,,,,,,,,,
8,7,1758016009190256984,2025-09-16 17:46:49.190,,,,,,,,388.5228,345.7964,-30.2632,521.0000,-41.67,3.33,397.1,,,,,,,,,,,,,,
8,7,1758016009171791184,2025-09-16 17:46:49.171,,,,,,,,,,,,,,,,,,,,,,622.9680,38.1024,-198.7060,655.0000,-3.50,17.66,464.1
8,7,1758016009199276381,2025-09-16 17:46:49.199,,,,,,,,,,,,,,,172.9788,-278.0103,-272.5153,426.0000,58.11,39.77,487.9,,,,,,,
8,7,1758016009265019906,2025-09-16 17:46:49.265,103.9288,-3.8472,180.1333,208.0000,2.12,-60.00,422.3,,,,,,,,,,,,,,,,,,,,,
8,7,1758016009364417489,2025-09-16 17:46:49.364,,,,,,,,394.9285,310.7781,-117.0661,516.0000,-38.20,13.11,399.3,,,,,,,,,,,,,,
8,7,1758016009371643993,2025-09-16 17:46:49.371,,,,,,,,,,,,,,,,,,,,,,632.9779,78.8864,-153.1402,656.0000,-7.10,13.50,443.4
8,7,1758016009427037225,2025-09-16 17:46:49.427,103.4419,3.4677,179.2673,207.0000,-1.92,-60.00,446.6,,,,,,,,,,,,,,,,,,,,,
8,7,1758016009544284340,2025-09-16 17:46:49.544,,,,,,,,376.8585,354.8852,-37.3511,519.0000,-43.28,4.13,396.2,,,,,,,,,,,,,,
8,7,1758016009523289697,2025-09-16 17:46:49.523,,,,,,,,,,,,,,,204.9042,-296.0297,-225.8444,425.0000,55.31,32.10,466.1,,,,,,,
8,7,1758016009568521862,2025-09-16 17:46:49.568,,,,,,,,,,,,,,,,,,,,,,627.1050,97.5293,-166.0222,656.0000,-8.84,14.66,468.9
8,7,1758016009730722863,2025-09-16 17:46:49.730,,,,,,,,390.1704,331.4743,-64.4039,516.0000,-40.35,7.17,399.9,,,,,,,,,,,,,,
8,7,1758016009685100460,2025-09-16 17:46:49.685,,,,,,,,,,,,,,,189.2307,-300.4933,-231.6712,424.0000,57.80,33.12,514.7,,,,,,,
8,7,1758016009751024288,2025-09-16 17:46:49.751,104.4960,-0.9119,180.9993,209.0000,0.50,-60.00,449.1,,,,,,,,,,,,,,,,,,,,,
8,7,1758016009766513738,2025-09-16 17:46:49.766,,,,,,,,,,,,,,,,,,,,,,625.1644,57.4445,-179.6625,653.0000,-5.25,15.97,484.1
8,7,1758016009911449207,2025-09-16 17:46:49.911,,,,,,,,372.7129,353.8149,-97.1036,523.0000,-43.51,10.70,400.2,,,,,,,,,,,,,,
8,7,1758016009913070070,2025-09-16 17:46:49.913,103.8148,-6.2041,180.1333,208.0000,3.42,-60.00,450.4,,,,,,,,,,,,,,,,,,,,,
8,7,1758016009963294576,2025-09-16 17:46:49.963,,,,,,,,,,,,,,,,,,,,,,618.1804,105.2234,-182.1812,653.0000,-9.66,16.20,457.4
8,7,1758016010008972519,2025-09-16 17:46:50.008,,,,,,,,,,,,,,,189.1206,-271.1585,-268.6679,426.0000,55.11,39.10,458.9,,,,,,,
8,7,1758016010075095778,2025-09-16 17:46:50.075,102.0072,-33.3608,179.3393,209.0000,18.11,-59.10,442.1,,,,,,,,,,,,,,,,,,,,,
8,7,1758016010157629376,2025-09-16 17:46:50.157,,,,,,,,,,,,,,,,,,,,,,613.9630,86.1776,-211.3005,655.0000,-7.99,18.82,440.2
8,7,1758016010170904762,2025-09-16 17:46:50.170,,,,,,,,,,,,,,,182.0815,-289.8132,-256.9799,428.0000,57.86,36.90,473.2,,,,,,,
8,7,1758016010237041022,2025-09-16 17:46:50.237,139.3372,-11.9454,155.3173,209.0000,4.90,-48.00,407.1,,,,,,,,,,,,,,,,,,,,,
8,7,1758016010328409999,2025-09-16 17:46:50.328,,,,,,,,,,,,,,,172.4276,-256.8607,-298.6491,430.0000,56.13,43.99,458.1,,,,,,,
8,7,1758016010494842579,2025-09-16 17:46:50.494,,,,,,,,,,,,,,,208.2005,-306.2427,-212.5958,427.0000,55.79,29.86,458.1,,,,,,,
8,7,1758016010561063566,2025-09-16 17:46:50.561,100.8199,-31.0740,182.7314,211.0000,17.13,-60.00,450.7,,,,,,,,,,,,,,,,,,,,,
8,7,1758016010655245845,2025-09-16 17:46:50.655,,,,,,,,,,,,,,,200.0965,-287.3657,-246.1022,428.0000,55.15,35.10,458.1,,,,,,,
8,7,1758016010723083718,2025-09-16 17:46:50.723,101.3176,-18.5404,178.4012,206.0000,10.37,-60.00,441.0,,,,,,,,,,,,,,,,,,,,,
8,7,1758016010757287587,2025-09-16 17:46:50.757,,,,,,,,,,,,,,,,,,,,,,625.8340,66.9928,-162.3076,650.0000,-6.11,14.46,454.4
8,7,1758016010814142042,2025-09-16 17:46:50.814,,,,,,,,,,,,,,,188.1632,-295.9267,-238.3234,424.0000,57.55,34.20,454.1,,,,,,,
8,7,1758016010885071796,2025-09-16 17:46:50.885,101.7805,-23.6851,180.9993,209.0000,13.10,-60.00,438.6,,,,,,,,,,,,,,,,,,,,,
8,7,1758016010990394743,2025-09-16 17:46:50.990,,,,,,,,368.9849,345.5800,-112.9100,518.0000,-43.12,12.59,397.2,,,,,,,,,,,,,,
8,7,1758016010980648770,2025-09-16 17:46:50.980,,,,,,,,,,,,,,,195.4569,-284.7108,-256.1959,430.0000,55.53,36.57,458.3,,,,,,,
8,7,1758016011047086706,2025-09-16 17:46:51.047,103.1264,-8.7867,179.2673,207.0000,4.87,-60.00,457.0,,,,,,,,,,,,,,,,,,,,,
8,7,1758016011164741973,2025-09-16 17:46:51.164,,,,,,,,390.5432,345.2805,27.2284,522.0000,-41.48,-2.99,401.8,,,,,,,,,,,,,,
8,7,1758016011152662325,2025-09-16 17:46:51.152,,,,,,,,,,,,,,,,,,,,,,635.9717,97.2038,-138.0413,658.0000,-8.69,12.11,471.1
8,7,1758016011209085987,2025-09-16 17:46:51.209,129.9213,-9.3585,158.2968,205.0000,4.12,-50.55,414.8,,,,,,,,,,,,,,,,,,,,,
8,7,1758016011346653183,2025-09-16 17:46:51.346,,,,,,,,390.4146,340.8084,-62.5305,522.0000,-41.12,6.88,400.2,,,,,,,,,,,,,,
8,7,1758016011304445330,2025-09-16 17:46:51.304,,,,,,,,,,,,,,,172.0202,-278.4157,-275.8220,428.0000,58.29,40.12,495.3,,,,,,,
8,7,1758016011345097805,2025-09-16 17:46:51.345,,,,,,,,,,,,,,,,,,,,,,647.5132,97.3493,-16.5745,655.0000,-8.55,1.45,454.9
8,7,1758016011533086364,2025-09-16 17:46:51.533,147.9012,-1.5231,143.3839,206.0000,0.59,-44.11,409.9,,,,,,,,,,,,,,,,,,,,,
8,7,1758016011548737838,2025-09-16 17:46:51.548,,,,,,,,,,,,,,,,,,,,,,635.8937,75.1504,-133.0700,654.0000,-6.74,11.74,442.4
8,7,1758016011628363851,2025-09-16 17:46:51.628,,,,,,,,,,,,,,,176.0381,-273.9970,-282.3070,431.0000,57.28,40.92,457.7,,,,,,,
8,7,1758016011695108738,2025-09-16 17:46:51.695,107.9910,-1.3948,187.0615,216.0000,0.74,-60.00,437.6,,,,,,,,,,,,,,,,,,,,,
8,7,1758016011747571114,2025-09-16 17:46:51.747,,,,,,,,,,,,,,,,,,,,,,630.6712,67.4772,-171.3175,657.0000,-6.11,15.12,440.2
8,7,1758016011790476554,2025-09-16 17:46:51.790,,,,,,,,,,,,,,,181.4033,-280.9440,-262.2753,425.0000,57.15,38.11,458.8,,,,,,,
8,7,1758016011857114759,2025-09-16 17:46:51.857,102.8873,4.8161,178.4012,206.0000,-2.68,-60.00,455.7,,,,,,,,,,,,,,,,,,,,,
8,7,1758016011945090070,2025-09-16 17:46:51.945,,,,,,,,,,,,,,,,,,,,,,616.2726,55.2611,-199.1340,650.0000,-5.12,17.84,440.8
8,7,1758016011949429880,2025-09-16 17:46:51.949,,,,,,,,,,,,,,,182.8060,-284.8590,-263.5874,429.0000,57.31,37.91,499.3,,,,,,,
8,7,1758016012111678914,2025-09-16 17:46:52.111,,,,,,,,,,,,,,,201.1337,-288.5330,-236.7909,424.0000,55.12,33.95,458.3,,,,,,,
8,7,1758016012181109932,2025-09-16 17:46:52.181,163.5034,-14.5980,129.3620,209.0000,5.10,-38.24,438.5,,,,,,,,,,,,,,,,,,,,,
8,7,1758016012276191283,2025-09-16 17:46:52.276,,,,,,,,,,,,,,,195.1425,-313.7292,-219.9850,430.0000,58.12,30.77,477.2,,,,,,,
8,7,1758016012341968806,2025-09-16 17:46:52.341,,,,,,,,,,,,,,,,,,,,,,632.4692,90.2164,-148.9286,656.0000,-8.12,13.12,467.0
8,7,1758016012430877881,2025-09-16 17:46:52.430,,,,,,,,403.2236,320.5088,-78.2675,521.0000,-38.48,8.64,427.6,,,,,,,,,,,,,,
8,7,1758016012433703631,2025-09-16 17:46:52.433,,,,,,,,,,,,,,,195.8915,-291.8474,-244.2041,428.0000,56.13,34.79,486.6,,,,,,,
8,7,1758016012505128827,2025-09-16 17:46:52.505,159.4539,-24.6848,135.9636,211.0000,8.80,-40.12,415.3,,,,,,,,,,,,,,,,,,,,,
8,7,1758016012537821827,2025-09-16 17:46:52.537,,,,,,,,,,,,,,,,,,,,,,631.8896,94.4365,-148.7725,656.0000,-8.50,13.11,439.7
8,7,1758016012610877030,2025-09-16 17:46:52.610,,,,,,,,400.7607,326.5032,-79.4703,523.0000,-39.17,8.74,420.2,,,,,,,,,,,,,,
8,7,1758016012600201933,2025-09-16 17:46:52.600,,,,,,,,,,,,,,,167.8128,-269.6655,-282.3904,425.0000,58.11,41.64,480.3,,,,,,,
8,7,1758016012667154793,2025-09-16 17:46:52.667,146.6920,6.8922,148.7110,209.0000,-2.69,-45.36,413.6,,,,,,,,,,,,,,,,,,,,,
8,7,1758016012737739420,2025-09-16 17:46:52.737,,,,,,,,,,,,,,,,,,,,,,608.7970,72.2714,-224.8378,653.0000,-6.77,20.14,443.9
8,7,1758016012762642112,2025-09-16 17:46:52.762,,,,,,,,,,,,,,,201.4011,-309.6570,-220.1140,430.0000,56.96,30.79,473.8,,,,,,,
8,7,1758016012829138888,2025-09-16 17:46:52.829,106.4635,-2.7878,184.4634,213.0000,1.50,-60.00,407.4,,,,,,,,,,,,,,,,,,,,,
8,7,1758016012966841353,2025-09-16 17:46:52.966,,,,,,,,395.2998,337.7372,-56.5744,523.0000,-40.51,6.21,401.7,,,,,,,,,,,,,,
8,7,1758016012920439455,2025-09-16 17:46:52.920,,,,,,,,,,,,,,,194.7737,-289.9632,-245.5882,427.0000,56.11,35.11,502.0,,,,,,,
8,7,1758016012991176002,2025-09-16 17:46:52.991,104.9738,2.3455,181.8653,210.0000,-1.28,-60.00,431.5,,,,,,,,,,,,,,,,,,,,,
6,10,1758016156775463909,2025-09-16 17:49:16.775,,,,,,,,,,,,,,,497.5374,-277.0623,-245.1388,620.0000,29.11,23.29,621.1,,,,,,,
6,10,1758016156844528391,2025-09-16 17:49:16.844,48.2466,-61.2884,-135.1000,156.0000,51.79,60.00,552.3,,,,,,,,,,,,,,,,,,,,,
6,10,1758016156882037666,2025-09-16 17:49:16.882,,,,,,,,,,,,,,,,,,,,,,615.6703,315.3121,-136.2109,705.0000,-27.12,11.14,515.1
6,10,1758016156968686170,2025-09-16 17:49:16.968,,,,,,,,236.1095,289.9119,48.2949,377.0000,-50.84,-7.36,428.7,,,,,,,,,,,,,,
6,10,1758016156934583047,2025-09-16 17:49:16.934,,,,,,,,,,,,,,,490.0164,-288.1811,-244.9419,619.0000,30.46,23.31,463.2,,,,,,,
6,10,1758016157006564050,2025-09-16 17:49:17.006,50.9565,-59.0545,-135.1000,156.0000,49.21,60.00,598.2,,,,,,,,,,,,,,,,,,,,,
6,10,1758016157076829244,2025-09-16 17:49:17.076,,,,,,,,,,,,,,,,,,,,,,622.4920,300.9244,-165.7383,711.0000,-25.80,13.48,528.0
6,10,1758016157152037056,2025-09-16 17:49:17.152,,,,,,,,251.2638,281.9132,50.5215,381.0000,-48.29,-7.62,452.9,,,,,,,,,,,,,,
6,10,1758016157101128774,2025-09-16 17:49:17.101,,,,,,,,,,,,,,,485.8683,-308.3414,-216.9853,615.0000,32.40,20.66,503.9,,,,,,,
6,10,1758016157168573210,2025-09-16 17:49:17.168,49.5081,-60.9196,-135.9660,157.0000,50.90,60.00,436.5,,,,,,,,,,,,,,,,,,,,,
6,10,1758016157271729622,2025-09-16 17:49:17.271,,,,,,,,,,,,,,,,,,,,,,619.7863,304.4354,-173.5744,712.0000,-26.16,14.11,543.3
6,10,1758016157330618332,2025-09-16 17:49:17.330,51.9480,-57.5122,-134.2339,155.0000,47.91,60.00,484.6,,,,,,,,,,,,,,,,,,,,,
6,10,1758016157425089220,2025-09-16 17:49:17.425,,,,,,,,,,,,,,,486.8355,-292.2890,-251.3947,621.0000,30.98,23.88,582.3,,,,,,,
6,10,1758016157492550269,2025-09-16 17:49:17.492,53.6341,-59.3581,-138.5641,160.0000,47.90,60.00,515.0,,,,,,,,,,,,,,,,,,,,,
6,10,1758016157512347778,2025-09-16 17:49:17.512,,,,,,,,242.7862,290.5133,17.2587,379.0000,-50.11,-2.61,495.3,,,,,,,,,,,,,,
6,10,1758016157587100888,2025-09-16 17:49:17.587,,,,,,,,,,,,,,,466.4239,-304.2087,-261.0187,615.0000,33.11,25.11,602.9,,,,,,,
6,10,1758016157685297387,2025-09-16 17:49:17.685,,,,,,,,243.3479,291.1854,33.9681,381.0000,-50.11,-5.12,504.9,,,,,,,,,,,,,,
6,10,1758016157670979453,2025-09-16 17:49:17.670,,,,,,,,,,,,,,,,,,,,,,627.8011,294.3642,-161.7388,712.0000,-25.12,13.13,519.3
6,10,1758016157745533036,2025-09-16 17:49:17.745,,,,,,,,,,,,,,,508.7549,-283.3438,-206.9026,618.0000,29.11,19.56,643.3,,,,,,,
6,10,1758016157816556680,2025-09-16 17:49:17.816,49.9694,-63.1135,-139.4301,161.0000,51.63,60.00,572.5,,,,,,,,,,,,,,,,,,,,,
6,10,1758016157869371171,2025-09-16 17:49:17.869,,,,,,,,,,,,,,,,,,,,,,626.1614,284.0394,-172.9871,709.0000,-24.40,14.12,519.8
6,10,1758016157910938873,2025-09-16 17:49:17.910,,,,,,,,,,,,,,,472.8206,-291.7920,-261.3315,614.0000,31.68,25.19,478.4,,,,,,,
6,10,1758016157978598247,2025-09-16 17:49:17.978,53.4225,-57.5177,-135.9660,157.0000,47.11,60.00,410.9,,,,,,,,,,,,,,,,,,,,,
6,10,1758016158051837282,2025-09-16 17:49:18.051,,,,,,,,246.6801,284.9964,7.4151,377.0000,-49.12,-1.13,536.6,,,,,,,,,,,,,,
6,10,1758016158067088099,2025-09-16 17:49:18.067,,,,,,,,,,,,,,,,,,,,,,613.6529,322.4483,-148.7889,709.0000,-27.72,12.11,521.5
6,10,1758016158068728087,2025-09-16 17:49:18.068,,,,,,,,,,,,,,,480.2601,-291.7732,-244.9237,613.0000,31.28,23.55,519.9,,,,,,,
6,10,1758016158140574331,2025-09-16 17:49:18.140,52.4678,-57.0384,-134.2339,155.0000,47.39,60.00,448.2,,,,,,,,,,,,,,,,,,,,,
6,10,1758016158231582845,2025-09-16 17:49:18.231,,,,,,,,234.1835,294.4090,36.9520,378.0000,-51.50,-5.61,503.3,,,,,,,,,,,,,,
6,10,1758016158302572750,2025-09-16 17:49:18.302,51.4290,-58.6435,-135.1000,156.0000,48.75,60.00,432.5,,,,,,,,,,,,,,,,,,,,,
6,10,1758016158232279675,2025-09-16 17:49:18.232,,,,,,,,,,,,,,,450.6657,-308.3462,-282.9276,615.0000,34.38,27.39,502.9,,,,,,,
6,10,1758016158402714038,2025-09-16 17:49:18.402,,,,,,,,238.5177,284.2543,72.0610,378.0000,-50.00,-10.99,394.7,,,,,,,,,,,,,,
6,10,1758016158396990004,2025-09-16 17:49:18.396,,,,,,,,,,,,,,,483.0931,-280.3322,-255.0116,614.0000,30.13,24.54,456.9,,,,,,,
6,10,1758016158462276174,2025-09-16 17:49:18.462,,,,,,,,,,,,,,,,,,,,,,617.1083,302.5320,-174.1629,709.0000,-26.12,14.22,455.2
6,10,1758016158587838967,2025-09-16 17:49:18.587,,,,,,,,244.8948,288.3617,45.1119,381.0000,-49.66,-6.80,399.0,,,,,,,,,,,,,,
6,10,1758016158553731346,2025-09-16 17:49:18.553,,,,,,,,,,,,,,,441.3317,-299.9287,-299.6883,612.0000,34.20,29.32,489.3,,,,,,,
6,10,1758016158626558364,2025-09-16 17:49:18.626,46.5829,-64.4227,-137.6980,159.0000,54.13,60.00,416.6,,,,,,,,,,,,,,,,,,,,,
6,10,1758016158661010076,2025-09-16 17:49:18.661,,,,,,,,,,,,,,,,,,,,,,609.0621,300.7528,-196.0615,707.0000,-26.28,16.10,447.0
6,10,1758016158772032942,2025-09-16 17:49:18.772,,,,,,,,231.6561,294.3824,50.5814,378.0000,-51.80,-7.69,402.0,,,,,,,,,,,,,,
6,10,1758016158721776290,2025-09-16 17:49:18.721,,,,,,,,,,,,,,,469.3708,-296.7239,-266.6495,616.0000,32.30,25.65,518.1,,,,,,,
6,10,1758016158788531856,2025-09-16 17:49:18.788,47.8605,-61.5903,-135.1000,156.0000,52.15,60.00,451.5,,,,,,,,,,,,,,,,,,,,,
6,10,1758016158859650124,2025-09-16 17:49:18.859,,,,,,,,,,,,,,,,,,,,,,609.1178,318.9808,-160.1958,706.0000,-27.64,13.12,446.5
6,10,1758016158950583349,2025-09-16 17:49:18.950,47.3780,-63.2165,-136.8320,158.0000,53.15,60.00,415.3,,,,,,,,,,,,,,,,,,,,,
6,10,1758016158951632305,2025-09-16 17:49:18.951,,,,,,,,242.3612,289.8607,56.2654,382.0000,-50.10,-8.47,414.4,,,,,,,,,,,,,,
6,10,1758016159045669016,2025-09-16 17:49:19.045,,,,,,,,,,,,,,,496.0203,-287.5329,-219.7378,614.0000,30.10,20.97,457.8,,,,,,,
6,10,1758016159112566748,2025-09-16 17:49:19.112,54.0359,-58.3127,-137.6980,159.0000,47.18,60.00,443.2,,,,,,,,,,,,,,,,,,,,,
6,10,1758016159131875794,2025-09-16 17:49:19.131,,,,,,,,246.3328,285.3793,27.6182,378.0000,-49.20,-4.19,424.1,,,,,,,,,,,,,,
6,10,1758016159207748774,2025-09-16 17:49:19.207,,,,,,,,,,,,,,,488.9205,-301.9635,-210.5203,612.0000,31.70,20.12,457.1,,,,,,,
6,10,1758016159365085217,2025-09-16 17:49:19.365,,,,,,,,,,,,,,,487.1540,-306.5398,-222.2687,617.0000,32.18,21.11,459.7,,,,,,,
6,10,1758016159436546584,2025-09-16 17:49:19.436,49.8762,-59.9697,-135.1000,156.0000,50.25,60.00,455.7,,,,,,,,,,,,,,,,,,,,,
6,10,1758016159452529288,2025-09-16 17:49:19.452,,,,,,,,,,,,,,,,,,,,,,610.5918,319.2097,-154.0091,706.0000,-27.60,12.60,501.7
6,10,1758016159531577149,2025-09-16 17:49:19.531,,,,,,,,,,,,,,,485.4017,-285.4672,-252.1561,617.0000,30.46,24.12,478.8,,,,,,,
6,10,1758016159598594150,2025-09-16 17:49:19.598,52.4065,-58.4449,-135.9660,157.0000,48.12,60.00,411.9,,,,,,,,,,,,,,,,,,,,,
6,10,1758016159672397250,2025-09-16 17:49:19.672,,,,,,,,248.1911,281.7157,20.3336,376.0000,-48.62,-3.10,394.0,,,,,,,,,,,,,,
6,10,1758016159650283296,2025-09-16 17:49:19.650,,,,,,,,,,,,,,,,,,,,,,617.0612,307.7898,-169.1181,710.0000,-26.51,13.78,476.0
6,10,1758016159693667574,2025-09-16 17:49:19.693,,,,,,,,,,,,,,,477.3076,-276.9305,-280.4424,619.0000,30.12,26.94,497.1,,,,,,,
6,10,1758016159760552642,2025-09-16 17:49:19.760,49.7191,-60.1000,-135.1000,156.0000,50.40,60.00,430.3,,,,,,,,,,,,,,,,,,,,,
6,10,1758016159845846557,2025-09-16 17:49:19.845,,,,,,,,246.0447,291.0515,25.9818,382.0000,-49.79,-3.90,438.0,,,,,,,,,,,,,,
6,10,1758016159849333080,2025-09-16 17:49:19.849,,,,,,,,,,,,,,,,,,,,,,611.9907,316.5486,-162.8752,708.0000,-27.35,13.30,485.4
6,10,1758016159850902500,2025-09-16 17:49:19.850,,,,,,,,,,,,,,,499.3355,-283.5468,-225.7304,617.0000,29.59,21.46,484.0,,,,,,,
6,10,1758016159922599005,2025-09-16 17:49:19.922,47.1696,-62.1211,-135.1000,156.0000,52.79,60.00,412.4,,,,,,,,,,,,,,,,,,,,,
6,10,1758016160028815720,2025-09-16 17:49:20.028,,,,,,,,185.6253,319.0642,-85.9202,379.0000,-59.81,13.10,393.5,,,,,,,,,,,,,,
6,10,1758016160017407543,2025-09-16 17:49:20.017,,,,,,,,,,,,,,,445.0210,-310.2201,-291.8490,616.0000,34.88,28.28,466.2,,,,,,,
6,10,1758016160084608997,2025-09-16 17:49:20.084,48.3338,-64.3746,-139.4301,161.0000,53.10,60.00,457.8,,,,,,,,,,,,,,,,,,,,,
6,10,1758016160212236454,2025-09-16 17:49:20.212,,,,,,,,251.3090,280.1868,21.6359,377.0000,-48.11,-3.29,398.7,,,,,,,,,,,,,,
6,10,1758016160176648364,2025-09-16 17:49:20.176,,,,,,,,,,,,,,,479.5262,-290.8692,-254.7660,616.0000,31.24,24.43,491.0,,,,,,,
6,10,1758016160243703965,2025-09-16 17:49:20.243,,,,,,,,,,,,,,,,,,,,,,621.6356,305.0745,-161.3062,711.0000,-26.14,13.11,490.2
6,10,1758016160392243014,2025-09-16 17:49:20.392,,,,,,,,240.3999,287.9233,46.8196,378.0000,-50.14,-7.12,401.4,,,,,,,,,,,,,,
6,10,1758016160338754789,2025-09-16 17:49:20.338,,,,,,,,,,,,,,,474.1029,-286.6747,-278.2877,620.0000,31.16,26.67,455.0,,,,,,,
6,10,1758016160408581202,2025-09-16 17:49:20.408,48.1922,-61.9658,-135.9660,157.0000,52.13,60.00,433.9,,,,,,,,,,,,,,,,,,,,,
6,10,1758016160442268332,2025-09-16 17:49:20.442,,,,,,,,,,,,,,,,,,,,,,625.6978,301.1280,-157.3790,712.0000,-25.70,12.77,462.4
6,10,1758016160568830138,2025-09-16 17:49:20.568,,,,,,,,247.9874,286.3854,40.5792,381.0000,-49.11,-6.11,409.9,,,,,,,,,,,,,,
6,10,1758016160570635916,2025-09-16 17:49:20.570,49.4695,-61.5936,-136.8320,158.0000,51.23,60.00,408.2,,,,,,,,,,,,,,,,,,,,,
6,10,1758016160639893954,2025-09-16 17:49:20.639,,,,,,,,,,,,,,,,,,,,,,612.5253,318.7246,-160.9609,709.0000,-27.49,13.12,443.2
6,10,1758016160662681384,2025-09-16 17:49:20.662,,,,,,,,,,,,,,,468.4169,-294.0995,-271.1956,616.0000,32.12,26.12,481.3,,,,,,,
6,10,1758016160732627204,2025-09-16 17:49:20.732,55.4460,-57.6693,-138.5641,160.0000,46.13,60.00,411.5,,,,,,,,,,,,,,,,,,,,,
6,10,1758016160744671207,2025-09-16 17:49:20.744,,,,,,,,245.9933,290.0654,35.6839,382.0000,-49.70,-5.36,399.5,,,,,,,,,,,,,,
6,10,1758016160839501599,2025-09-16 17:49:20.839,,,,,,,,,,,,,,,,,,,,,,603.1465,345.7049,-149.0752,711.0000,-29.82,12.10,444.2
6,10,1758016160931609347,2025-09-16 17:49:20.931,,,,,,,,245.1772,284.7431,41.1517,378.0000,-49.27,-6.25,416.1,,,,,,,,,,,,,,
6,10,1758016160989116552,2025-09-16 17:49:20.989,,,,,,,,,,,,,,,482.4448,-291.3740,-246.1163,615.0000,31.13,23.59,458.9,,,,,,,
6,10,1758016161056599539,2025-09-16 17:49:21.056,48.2214,-61.9431,-135.9660,157.0000,52.10,60.00,445.4,,,,,,,,,,,,,,,,,,,,,
6,10,1758016161146564456,2025-09-16 17:49:21.146,,,,,,,,,,,,,,,492.9009,-314.2544,-191.0966,615.0000,32.52,18.10,458.9,,,,,,,
6,10,1758016161218644235,2025-09-16 17:49:21.218,47.3776,-63.8405,-137.6980,159.0000,53.42,60.00,439.1,,,,,,,,,,,,,,,,,,,,,
6,10,1758016161233855501,2025-09-16 17:49:21.233,,,,,,,,,,,,,,,,,,,,,,605.8352,334.0252,-164.0484,711.0000,-28.87,13.34,472.5
6,10,1758016161313100887,2025-09-16 17:49:21.313,,,,,,,,,,,,,,,471.3649,-303.1921,-262.7751,619.0000,32.75,25.12,458.2,,,,,,,
6,10,1758016161380650134,2025-09-16 17:49:21.380,48.7279,-61.5455,-135.9660,157.0000,51.63,60.00,455.8,,,,,,,,,,,,,,,,,,,,,
6,10,1758016161471524599,2025-09-16 17:49:21.471,,,,,,,,243.1296,289.0327,31.4502,379.0000,-49.93,-4.76,426.3,,,,,,,,,,,,,,
6,10,1758016161470467533,2025-09-16 17:49:21.470,,,,,,,,,,,,,,,490.7488,-273.2370,-245.5120,613.0000,29.11,23.61,481.9,,,,,,,
6,10,1758016161542634829,2025-09-16 17:49:21.542,50.7240,-58.5946,-134.2339,155.0000,49.12,60.00,409.8,,,,,,,,,,,,,,,,,,,,,
6,10,1758016161652625190,2025-09-16 17:49:21.652,,,,,,,,232.4457,292.1196,44.8457,376.0000,-51.49,-6.85,397.7,,,,,,,,,,,,,,
6,10,1758016161630759598,2025-09-16 17:49:21.630,,,,,,,,,,,,,,,,,,,,,,605.5957,323.6161,-172.5993,708.0000,-28.12,14.11,466.0
6,10,1758016161637024834,2025-09-16 17:49:21.637,,,,,,,,,,,,,,,472.6447,-296.6044,-263.2903,617.0000,32.11,25.26,459.9,,,,,,,
6,10,1758016161704639950,2025-09-16 17:49:21.704,51.1625,-57.5447,-133.3679,154.0000,48.36,60.00,443.6,,,,,,,,,,,,,,,,,,,,,
6,10,1758016161832039656,2025-09-16 17:49:21.832,,,,,,,,236.8356,291.5301,42.4631,378.0000,-50.91,-6.45,416.6,,,,,,,,,,,,,,
6,10,1758016161866613164,2025-09-16 17:49:21.866,45.8830,-64.9230,-137.6980,159.0000,54.75,60.00,436.9,,,,,,,,,,,,,,,,,,,,,
6,10,1758016161799891414,2025-09-16 17:49:21.799,,,,,,,,,,,,,,,482.0809,-290.8098,-247.4927,615.0000,31.10,23.73,503.7,,,,,,,
6,10,1758016162006535963,2025-09-16 17:49:22.006,,,,,,,,241.4161,289.1404,41.9180,379.0000,-50.14,-6.35,398.0,,,,,,,,,,,,,,
4,10,1758016263529086599,2025-09-16 17:51:03.529,,,,,,,,,,,,,,,602.5396,-165.1753,-182.9321,651.0000,15.33,16.32,476.7,,,,,,,
4,10,1758016263595758218,2025-09-16 17:51:03.595,,,,,,,,,,,,,,,,,,,,,,486.2034,395.3805,-160.9024,647.0000,-39.12,14.40,458.6
4,10,1758016263713328577,2025-09-16 17:51:03.713,,,,,,,,121.2971,210.0927,-64.4133,251.0000,-60.00,14.87,395.3,,,,,,,,,,,,,,
4,10,1758016263692205009,2025-09-16 17:51:03.692,,,,,,,,,,,,,,,585.2566,-183.5205,-218.1649,651.0000,17.41,19.58,474.5,,,,,,,
4,10,1758016263763458442,2025-09-16 17:51:03.763,134.2298,-176.8413,-127.4579,256.0000,52.80,29.86,403.4,,,,,,,,,,,,,,,,,,,,,
4,10,1758016263796513186,2025-09-16 17:51:03.796,,,,,,,,,,,,,,,,,,,,,,470.4205,425.4007,-159.5456,654.0000,-42.12,14.12,440.3
4,10,1758016263890586065,2025-09-16 17:51:03.890,,,,,,,,129.4471,205.8772,-89.1012,259.0000,-57.84,20.12,405.0,,,,,,,,,,,,,,
4,10,1758016263856932319,2025-09-16 17:51:03.856,,,,,,,,,,,,,,,592.5739,-187.6341,-179.6070,647.0000,17.57,16.12,494.1,,,,,,,
4,10,1758016263925436500,2025-09-16 17:51:03.925,156.6950,-165.7583,-111.7445,254.0000,46.61,26.10,425.7,,,,,,,,,,,,,,,,,,,,,
4,10,1758016263995573371,2025-09-16 17:51:03.995,,,,,,,,,,,,,,,,,,,,,,474.3268,409.4280,-169.0674,649.0000,-40.80,15.10,444.5
4,10,1758016264067515161,2025-09-16 17:51:04.067,,,,,,,,130.9101,208.2039,-71.0612,256.0000,-57.84,16.12,427.8,,,,,,,,,,,,,,
4,10,1758016264014187912,2025-09-16 17:51:04.014,,,,,,,,,,,,,,,584.0236,-168.6360,-232.9793,651.0000,16.11,20.97,481.3,,,,,,,
4,10,1758016264087430466,2025-09-16 17:51:04.087,149.6814,-168.4717,-119.3221,255.0000,48.38,27.90,408.2,,,,,,,,,,,,,,,,,,,,,
4,10,1758016264188767908,2025-09-16 17:51:04.188,,,,,,,,,,,,,,,,,,,,,,498.1598,380.7342,-151.3384,645.0000,-37.39,13.57,449.5
4,10,1758016264249442005,2025-09-16 17:51:04.249,153.0194,-162.5506,-123.2370,255.0000,46.73,28.90,437.6,,,,,,,,,,,,,,,,,,,,,
4,10,1758016264342538031,2025-09-16 17:51:04.342,,,,,,,,,,,,,,,567.8228,-189.2198,-243.0827,646.0000,18.43,22.10,460.7,,,,,,,
4,10,1758016264411463971,2025-09-16 17:51:04.411,134.8578,-167.7293,-140.4609,257.0000,51.20,33.13,439.5,,,,,,,,,,,,,,,,,,,,,
4,10,1758016264431300411,2025-09-16 17:51:04.431,,,,,,,,151.8022,210.0923,-30.6320,261.0000,-54.15,6.74,419.8,,,,,,,,,,,,,,
4,10,1758016264500045139,2025-09-16 17:51:04.500,,,,,,,,,,,,,,,583.3346,-191.5651,-200.8470,646.0000,18.18,18.11,456.6,,,,,,,
4,10,1758016264612654277,2025-09-16 17:51:04.612,,,,,,,,120.8497,205.1620,-96.7104,257.0000,-59.50,22.11,396.8,,,,,,,,,,,,,,
4,10,1758016264588084415,2025-09-16 17:51:04.588,,,,,,,,,,,,,,,,,,,,,,457.9502,415.3895,-197.3175,649.0000,-42.21,17.70,481.3
4,10,1758016264666478089,2025-09-16 17:51:04.666,,,,,,,,,,,,,,,590.2998,-179.2343,-198.3059,648.0000,16.89,17.82,457.0,,,,,,,
4,10,1758016264735451031,2025-09-16 17:51:04.735,120.5035,-170.0673,-152.0527,258.0000,54.68,36.11,449.6,,,,,,,,,,,,,,,,,,,,,
4,10,1758016264783286858,2025-09-16 17:51:04.783,,,,,,,,,,,,,,,,,,,,,,470.3276,420.5214,-152.1668,649.0000,-41.80,13.56,454.8
4,10,1758016264823782274,2025-09-16 17:51:04.823,,,,,,,,,,,,,,,593.1354,-177.9492,-190.8624,648.0000,16.70,17.13,461.9,,,,,,,
4,10,1758016264897429607,2025-09-16 17:51:04.897,153.0857,-163.0768,-122.4570,255.0000,46.81,28.70,434.7,,,,,,,,,,,,,,,,,,,,,
4,10,1758016264972754199,2025-09-16 17:51:04.972,,,,,,,,131.3376,214.0719,-81.3613,264.0000,-58.47,17.95,408.6,,,,,,,,,,,,,,
4,10,1758016264984298594,2025-09-16 17:51:04.984,,,,,,,,,,,,,,,,,,,,,,479.8051,404.0335,-170.4230,650.0000,-40.10,15.20,445.5
4,10,1758016264990537627,2025-09-16 17:51:04.990,,,,,,,,,,,,,,,580.7560,-209.5431,-190.0794,646.0000,19.84,17.11,486.3,,,,,,,
4,10,1758016265059482517,2025-09-16 17:51:05.059,174.9141,-160.2792,-101.3886,258.0000,42.50,23.14,417.5,,,,,,,,,,,,,,,,,,,,,
4,10,1758016265153901707,2025-09-16 17:51:05.153,,,,,,,,117.1958,208.0739,-92.2300,256.0000,-60.61,21.12,391.8,,,,,,,,,,,,,,
4,10,1758016265152228614,2025-09-16 17:51:05.152,,,,,,,,,,,,,,,592.0703,-179.7719,-202.3260,651.0000,16.89,18.11,453.1,,,,,,,
4,10,1758016265221498779,2025-09-16 17:51:05.221,153.7243,-163.6425,-120.8925,255.0000,46.79,28.30,429.9,,,,,,,,,,,,,,,,,,,,,
4,10,1758016265333168088,2025-09-16 17:51:05.333,,,,,,,,126.3221,211.4875,-76.6797,258.0000,-59.15,17.29,391.9,,,,,,,,,,,,,,
4,10,1758016265309698740,2025-09-16 17:51:05.309,,,,,,,,,,,,,,,578.5666,-180.8683,-220.3914,645.0000,17.36,19.98,473.5,,,,,,,
4,10,1758016265381305267,2025-09-16 17:51:05.381,,,,,,,,,,,,,,,,,,,,,,465.4633,420.7407,-157.8927,647.0000,-42.11,14.12,463.8
4,10,1758016265513579124,2025-09-16 17:51:05.513,,,,,,,,125.6037,209.9932,-87.9011,260.0000,-59.12,19.76,392.1,,,,,,,,,,,,,,
4,10,1758016265477185045,2025-09-16 17:51:05.477,,,,,,,,,,,,,,,578.2973,-175.2593,-239.4919,650.0000,16.86,21.62,481.7,,,,,,,
4,10,1758016265545489543,2025-09-16 17:51:05.545,165.6751,-160.6064,-113.1651,257.0000,44.11,26.12,413.6,,,,,,,,,,,,,,,,,,,,,
4,10,1758016265578602854,2025-09-16 17:51:05.578,,,,,,,,,,,,,,,,,,,,,,496.9276,390.9030,-150.8568,650.0000,-38.19,13.42,442.2
4,10,1758016265688880276,2025-09-16 17:51:05.688,,,,,,,,123.2153,203.8539,-101.6985,259.0000,-58.85,23.12,392.9,,,,,,,,,,,,,,
4,10,1758016265637308871,2025-09-16 17:51:05.637,,,,,,,,,,,,,,,573.5273,-192.5676,-229.3319,647.0000,18.56,20.76,497.9,,,,,,,
4,10,1758016265707500323,2025-09-16 17:51:05.707,138.4724,-169.1200,-131.3347,255.0000,50.69,31.00,427.9,,,,,,,,,,,,,,,,,,,,,
4,10,1758016265777241944,2025-09-16 17:51:05.777,,,,,,,,,,,,,,,,,,,,,,502.2151,366.2753,-175.8930,646.0000,-36.10,15.80,442.6
4,10,1758016265796535563,2025-09-16 17:51:05.796,,,,,,,,,,,,,,,589.0555,-168.6865,-210.8612,648.0000,15.98,18.99,482.8,,,,,,,
4,10,1758016265869503621,2025-09-16 17:51:05.869,144.8638,-173.8710,-117.5090,255.0000,50.20,27.44,410.0,,,,,,,,,,,,,,,,,,,,,
4,10,1758016265974559375,2025-09-16 17:51:05.974,,,,,,,,,,,,,,,,,,,,,,468.1885,420.6718,-158.2270,649.0000,-41.94,14.11,445.8
4,10,1758016266031530716,2025-09-16 17:51:06.031,133.5136,-173.4335,-126.9013,253.0000,52.41,30.11,447.4,,,,,,,,,,,,,,,,,,,,,
4,10,1758016266052859021,2025-09-16 17:51:06.052,,,,,,,,156.4314,191.3261,-66.7797,256.0000,-50.73,15.12,426.2,,,,,,,,,,,,,,
4,10,1758016266122244872,2025-09-16 17:51:06.122,,,,,,,,,,,,,,,586.2260,-191.9480,-195.2027,647.0000,18.13,17.56,459.2,,,,,,,
4,10,1758016266167491514,2025-09-16 17:51:06.167,,,,,,,,,,,,,,,,,,,,,,491.7967,385.7842,-163.1641,646.0000,-38.11,14.63,468.4
4,10,1758016266286794592,2025-09-16 17:51:06.286,,,,,,,,,,,,,,,587.2030,-176.8398,-212.4179,649.0000,16.76,19.11,459.2,,,,,,,
4,10,1758016266355514461,2025-09-16 17:51:06.355,136.5591,-174.7248,-133.8054,259.0000,51.99,31.11,440.3,,,,,,,,,,,,,,,,,,,,,
4,10,1758016266370596258,2025-09-16 17:51:06.370,,,,,,,,,,,,,,,,,,,,,,471.7366,397.5066,-195.0951,647.0000,-40.12,17.55,471.8
4,10,1758016266448822630,2025-09-16 17:51:06.448,,,,,,,,,,,,,,,585.7186,-181.7584,-212.3644,649.0000,17.24,19.10,453.3,,,,,,,
4,10,1758016266517476259,2025-09-16 17:51:06.517,153.6462,-160.4449,-127.2253,256.0000,46.24,29.80,436.3,,,,,,,,,,,,,,,,,,,,,
4,10,1758016266589932370,2025-09-16 17:51:06.589,,,,,,,,129.4227,204.2526,-84.0633,256.0000,-57.64,19.17,411.3,,,,,,,,,,,,,,
4,10,1758016266561440283,2025-09-16 17:51:06.561,,,,,,,,,,,,,,,,,,,,,,463.7925,415.2614,-179.8846,648.0000,-41.84,16.12,440.0
4,10,1758016266606103666,2025-09-16 17:51:06.606,,,,,,,,,,,,,,,588.6250,-181.7596,-210.4402,651.0000,17.16,18.86,452.6,,,,,,,
4,10,1758016266679513835,2025-09-16 17:51:06.679,145.7027,-164.4555,-129.4223,255.0000,48.46,30.50,433.0,,,,,,,,,,,,,,,,,,,,,
4,10,1758016266769698812,2025-09-16 17:51:06.769,,,,,,,,125.1344,216.2160,-64.4672,258.0000,-59.94,14.47,394.4,,,,,,,,,,,,,,
4,10,1758016266767872457,2025-09-16 17:51:06.767,,,,,,,,,,,,,,,,,,,,,,530.3013,334.3364,-160.0272,647.0000,-32.23,14.32,454.7
4,10,1758016266772526728,2025-09-16 17:51:06.772,,,,,,,,,,,,,,,584.9292,-180.1489,-206.6888,646.0000,17.12,18.66,455.6,,,,,,,
4,10,1758016266841501689,2025-09-16 17:51:06.841,155.8470,-160.9340,-119.6996,254.0000,45.92,28.12,448.0,,,,,,,,,,,,,,,,,,,,,
4,10,1758016266953233187,2025-09-16 17:51:06.953,,,,,,,,120.9577,217.4073,-60.3267,256.0000,-60.91,13.63,395.6,,,,,,,,,,,,,,
4,10,1758016266930296461,2025-09-16 17:51:06.930,,,,,,,,,,,,,,,583.1675,-186.5612,-221.1597,651.0000,17.74,19.86,467.1,,,,,,,
4,10,1758016267003532006,2025-09-16 17:51:07.003,163.8589,-163.8018,-113.5043,258.0000,44.99,26.10,445.6,,,,,,,,,,,,,,,,,,,,,
4,10,1758016267132540351,2025-09-16 17:51:07.132,,,,,,,,129.8400,217.6359,-66.4846,262.0000,-59.18,14.70,392.8,,,,,,,,,,,,,,
4,10,1758016267093920752,2025-09-16 17:51:07.093,,,,,,,,,,,,,,,594.8352,-171.7016,-191.2947,648.0000,16.10,17.17,481.1,,,,,,,
4,10,1758016267163047364,2025-09-16 17:51:07.163,,,,,,,,,,,,,,,,,,,,,,467.1890,422.4340,-147.9629,647.0000,-42.12,13.22,457.8
4,10,1758016267306902060,2025-09-16 17:51:07.306,,,,,,,,119.9473,205.8422,-99.0235,258.0000,-59.77,22.57,391.1,,,,,,,,,,,,,,
4,10,1758016267258410584,2025-09-16 17:51:07.258,,,,,,,,,,,,,,,572.3239,-201.5471,-224.5733,647.0000,19.40,20.31,500.9,,,,,,,
4,10,1758016267327501009,2025-09-16 17:51:07.327,138.6920,-166.2272,-134.7518,255.0000,50.16,31.90,432.0,,,,,,,,,,,,,,,,,,,,,
4,10,1758016267354927736,2025-09-16 17:51:07.354,,,,,,,,,,,,,,,,,,,,,,464.1538,413.4007,-186.7140,649.0000,-41.69,16.72,465.8
4,10,1758016267415860414,2025-09-16 17:51:07.415,,,,,,,,,,,,,,,589.5474,-183.6236,-203.0177,650.0000,17.30,18.20,457.4,,,,,,,
4,10,1758016267489505900,2025-09-16 17:51:07.489,158.4033,-168.2699,-116.9386,259.0000,46.73,26.84,443.0,,,,,,,,,,,,,,,,,,,,,
4,10,1758016267558140186,2025-09-16 17:51:07.558,,,,,,,,,,,,,,,,,,,,,,453.3479,432.1702,-162.2145,647.0000,-43.63,14.52,443.4
4,10,1758016267582439974,2025-09-16 17:51:07.582,,,,,,,,,,,,,,,592.3307,-177.5950,-190.2981,647.0000,16.69,17.11,479.3,,,,,,,
4,10,1758016267651525605,2025-09-16 17:51:07.651,137.1280,-171.9003,-125.1208,253.0000,51.42,29.64,410.4,,,,,,,,,,,,,,,,,,,,,
4,10,1758016267673678203,2025-09-16 17:51:07.673,,,,,,,,130.7100,207.0828,-95.9199,263.0000,-57.74,21.39,452.3,,,,,,,,,,,,,,
4,10,1758016267757996715,2025-09-16 17:51:07.757,,,,,,,,,,,,,,,,,,,,,,460.6658,434.2613,-147.3233,650.0000,-43.31,13.10,439.5
4,10,1758016267853370530,2025-09-16 17:51:07.853,,,,,,,,124.5591,215.2219,-64.9120,257.0000,-59.94,14.63,396.2,,,,,,,,,,,,,,
4,10,1758016267906115222,2025-09-16 17:51:07.906,,,,,,,,,,,,,,,596.2667,-168.9513,-192.6718,649.0000,15.82,17.27,457.9,,,,,,,
4,10,1758016267975529646,2025-09-16 17:51:07.975,154.3653,-166.6994,-113.5722,254.0000,47.20,26.56,452.1,,,,,,,,,,,,,,,,,,,,,
4,10,1758016268068141852,2025-09-16 17:51:08.068,,,,,,,,,,,,,,,583.6943,-173.1198,-218.9509,647.0000,16.52,19.78,459.6,,,,,,,
4,10,1758016268137514721,2025-09-16 17:51:08.137,132.5607,-173.8848,-129.2584,254.0000,52.68,30.59,448.8,,,,,,,,,,,,,,,,,,,,,
4,10,1758016268153343337,2025-09-16 17:51:08.153,,,,,,,,,,,,,,,,,,,,,,480.9495,406.5778,-160.8791,650.0000,-40.21,14.33,498.9
4,10,1758016268226513668,2025-09-16 17:51:08.226,,,,,,,,,,,,,,,581.7670,-179.2306,-219.1634,647.0000,17.12,19.80,484.0,,,,,,,
4,10,1758016268299558075,2025-09-16 17:51:08.299,138.4809,-165.7212,-135.5896,255.0000,50.12,32.12,411.1,,,,,,,,,,,,,,,,,,,,,
4,10,1758016268393151328,2025-09-16 17:51:08.393,,,,,,,,142.2776,204.6345,-62.6961,257.0000,-55.19,14.12,392.2,,,,,,,,,,,,,,
4,10,1758016268392946118,2025-09-16 17:51:08.392,,,,,,,,,,,,,,,581.3024,-179.6097,-217.1265,646.0000,17.17,19.64,453.4,,,,,,,
4,10,1758016268461542428,2025-09-16 17:51:08.461,165.8586,-162.2507,-110.5199,257.0000,44.37,25.47,441.1,,,,,,,,,,,,,,,,,,,,,
4,10,1758016268573415906,2025-09-16 17:51:08.573,,,,,,,,128.0776,221.8369,-55.0318,262.0000,-60.00,12.12,390.8,,,,,,,,,,,,,,
2,10,1758016376605688515,2025-09-16 17:52:56.605,,,,,,,,,,,,,,,643.3040,-61.7165,-266.3682,699.0000,5.48,22.40,465.8,,,,,,,
2,10,1758016376650641745,2025-09-16 17:52:56.650,,,,,,,,,,,,,,,,,,,,,,447.3787,390.2733,-156.6365,614.0000,-41.10,14.78,476.3
2,10,1758016376751040966,2025-09-16 17:52:56.751,,,,,,,,60.2718,43.7900,-129.0378,149.0000,-36.00,60.00,446.5,,,,,,,,,,,,,,
2,10,1758016376763891833,2025-09-16 17:52:56.763,,,,,,,,,,,,,,,666.5609,-36.4147,-213.9429,701.0000,3.13,17.77,502.9,,,,,,,
2,10,1758016376838056295,2025-09-16 17:52:56.838,161.2988,-279.3777,-152.9047,357.0000,60.00,25.36,428.9,,,,,,,,,,,,,,,,,,,,,
2,10,1758016376849066158,2025-09-16 17:52:56.849,,,,,,,,,,,,,,,,,,,,,,411.5763,424.2691,-176.8888,617.0000,-45.87,16.66,490.2
2,10,1758016376934160989,2025-09-16 17:52:56.934,,,,,,,,61.0808,44.3778,-130.7698,151.0000,-36.00,60.00,459.7,,,,,,,,,,,,,,
2,10,1758016376930343728,2025-09-16 17:52:56.930,,,,,,,,,,,,,,,667.2165,-13.0559,-211.3095,700.0000,1.12,17.57,524.5,,,,,,,
2,10,1758016377000048219,2025-09-16 17:52:57.000,132.9565,-230.2875,-247.1017,363.0000,60.00,42.90,455.0,,,,,,,,,,,,,,,,,,,,,
2,10,1758016377087800910,2025-09-16 17:52:57.087,,,,,,,,,,,,,,,653.3310,-45.3416,-252.7978,702.0000,3.97,21.11,452.8,,,,,,,
2,10,1758016377162078532,2025-09-16 17:52:57.162,146.5615,-253.8520,-222.4925,368.0000,60.00,37.20,447.0,,,,,,,,,,,,,,,,,,,,,
2,10,1758016377290539757,2025-09-16 17:52:57.290,,,,,,,,62.2943,45.2595,-133.3679,154.0000,-36.00,60.00,389.8,,,,,,,,,,,,,,
2,10,1758016377254151400,2025-09-16 17:52:57.254,,,,,,,,,,,,,,,650.7144,-64.7205,-244.1024,698.0000,5.68,20.47,484.7,,,,,,,
2,10,1758016377324056437,2025-09-16 17:52:57.324,165.7182,-287.0323,-150.4857,364.0000,60.00,24.42,415.0,,,,,,,,,,,,,,,,,,,,,
2,10,1758016377470098203,2025-09-16 17:52:57.470,,,,,,,,60.2718,43.7900,-129.0378,149.0000,-36.00,60.00,392.3,,,,,,,,,,,,,,
2,10,1758016377486061324,2025-09-16 17:52:57.486,139.9436,-242.3894,-235.8372,366.0000,60.00,40.12,433.1,,,,,,,,,,,,,,,,,,,,,
2,10,1758016377446791306,2025-09-16 17:52:57.446,,,,,,,,,,,,,,,,,,,,,,421.9921,421.1092,-155.0666,616.0000,-44.94,14.58,472.8
2,10,1758016377575482905,2025-09-16 17:52:57.575,,,,,,,,,,,,,,,660.9156,-20.4237,-238.7099,703.0000,1.77,19.85,457.7,,,,,,,
2,10,1758016377648059858,2025-09-16 17:52:57.648,142.4679,-246.7617,-232.8853,368.0000,60.00,39.26,434.0,,,,,,,,,,,,,,,,,,,,,
2,10,1758016377740075347,2025-09-16 17:52:57.740,,,,,,,,,,,,,,,663.7316,-40.3630,-212.2151,698.0000,3.48,17.70,457.9,,,,,,,
2,10,1758016377810046282,2025-09-16 17:52:57.810,143.0709,-247.8061,-218.4556,360.0000,60.00,37.36,440.3,,,,,,,,,,,,,,,,,,,,,
2,10,1758016377832882663,2025-09-16 17:52:57.832,,,,,,,,62.2943,45.2595,-133.3679,154.0000,-36.00,60.00,417.6,,,,,,,,,,,,,,
2,10,1758016377842277273,2025-09-16 17:52:57.842,,,,,,,,,,,,,,,,,,,,,,428.7960,419.6149,-144.0358,617.0000,-44.38,13.50,463.5
2,10,1758016377898019596,2025-09-16 17:52:57.898,,,,,,,,,,,,,,,671.5765,-50.4961,-194.5151,701.0000,4.30,16.11,476.0,,,,,,,
2,10,1758016378008822032,2025-09-16 17:52:58.008,,,,,,,,61.0808,44.3778,-130.7698,151.0000,-36.00,60.00,425.4,,,,,,,,,,,,,,
2,10,1758016378040556112,2025-09-16 17:52:58.040,,,,,,,,,,,,,,,,,,,,,,425.9618,418.5915,-155.0057,617.0000,-44.50,14.55,444.8
2,10,1758016378061296633,2025-09-16 17:52:58.061,,,,,,,,,,,,,,,655.8345,-56.1095,-229.2201,697.0000,4.89,19.20,483.7,,,,,,,
2,10,1758016378134063222,2025-09-16 17:52:58.134,142.7505,-247.2511,-225.7989,364.0000,60.00,38.34,411.1,,,,,,,,,,,,,,,,,,,,,
2,10,1758016378190908703,2025-09-16 17:52:58.190,,,,,,,,59.8673,43.4961,-128.1718,148.0000,-36.00,60.00,403.9,,,,,,,,,,,,,,
2,10,1758016378236979649,2025-09-16 17:52:58.236,,,,,,,,,,,,,,,,,,,,,,423.7176,428.7765,-149.1816,621.0000,-45.34,13.90,443.8
2,10,1758016378296044682,2025-09-16 17:52:58.296,150.2574,-260.2535,-203.6169,363.0000,60.00,34.12,445.2,,,,,,,,,,,,,,,,,,,,,
2,10,1758016378373215847,2025-09-16 17:52:58.373,,,,,,,,62.2943,45.2595,-133.3679,154.0000,-36.00,60.00,430.7,,,,,,,,,,,,,,
2,10,1758016378385249487,2025-09-16 17:52:58.385,,,,,,,,,,,,,,,666.3091,-47.7850,-205.7907,699.0000,4.10,17.12,473.2,,,,,,,
2,10,1758016378433390998,2025-09-16 17:52:58.433,,,,,,,,,,,,,,,,,,,,,,411.2363,427.3377,-155.0361,613.0000,-46.10,14.65,485.1
2,10,1758016378553837021,2025-09-16 17:52:58.553,,,,,,,,61.8898,44.9656,-132.5019,153.0000,-36.00,60.00,424.2,,,,,,,,,,,,,,
2,10,1758016378550843858,2025-09-16 17:52:58.550,,,,,,,,,,,,,,,656.9846,-59.3279,-215.6094,694.0000,5.16,18.10,490.0,,,,,,,
2,10,1758016378620064881,2025-09-16 17:52:58.620,135.5991,-234.8645,-241.2893,363.0000,60.00,41.66,421.0,,,,,,,,,,,,,,,,,,,,,
2,10,1758016378635604553,2025-09-16 17:52:58.635,,,,,,,,,,,,,,,,,,,,,,412.6592,426.5755,-164.9296,616.0000,-45.95,15.53,454.3
2,10,1758016378732368470,2025-09-16 17:52:58.732,,,,,,,,62.2943,45.2595,-133.3679,154.0000,-36.00,60.00,419.4,,,,,,,,,,,,,,
2,10,1758016378711130756,2025-09-16 17:52:58.711,,,,,,,,,,,,,,,654.6205,-44.6276,-243.8859,700.0000,3.90,20.39,489.4,,,,,,,
2,10,1758016378782072916,2025-09-16 17:52:58.782,139.2096,-241.1180,-234.4756,364.0000,60.00,40.10,418.6,,,,,,,,,,,,,,,,,,,,,
2,10,1758016378827432752,2025-09-16 17:52:58.827,,,,,,,,,,,,,,,,,,,,,,452.4344,398.8745,-129.9663,617.0000,-41.40,12.16,438.8
2,10,1758016378903288423,2025-09-16 17:52:58.903,,,,,,,,61.4853,44.6717,-131.6359,152.0000,-36.00,60.00,425.3,,,,,,,,,,,,,,
2,10,1758016378869145207,2025-09-16 17:52:58.869,,,,,,,,,,,,,,,663.3896,-49.8805,-217.7754,700.0000,4.30,18.13,459.6,,,,,,,
2,10,1758016378944108155,2025-09-16 17:52:58.944,153.3106,-265.5417,-192.4252,362.0000,60.00,32.11,431.3,,,,,,,,,,,,,,,,,,,,,
2,10,1758016379035541047,2025-09-16 17:52:59.035,,,,,,,,,,,,,,,658.0032,-44.8582,-228.5247,698.0000,3.90,19.11,457.3,,,,,,,
2,10,1758016379106097911,2025-09-16 17:52:59.106,143.4889,-248.5301,-228.7635,367.0000,60.00,38.56,437.1,,,,,,,,,,,,,,,,,,,,,
2,10,1758016379274841694,2025-09-16 17:52:59.274,,,,,,,,61.4853,44.6717,-131.6359,152.0000,-36.00,60.00,392.5,,,,,,,,,,,,,,
2,10,1758016379268173835,2025-09-16 17:52:59.268,158.7771,-275.0101,-179.9563,365.0000,60.00,29.54,454.0,,,,,,,,,,,,,,,,,,,,,
2,10,1758016379360506515,2025-09-16 17:52:59.360,,,,,,,,,,,,,,,666.9625,-48.1595,-193.0227,696.0000,4.13,16.10,453.2,,,,,,,
2,10,1758016379453506584,2025-09-16 17:52:59.453,,,,,,,,60.2718,43.7900,-129.0378,149.0000,-36.00,60.00,410.3,,,,,,,,,,,,,,
2,10,1758016379425413517,2025-09-16 17:52:59.425,,,,,,,,,,,,,,,,,,,,,,427.5633,420.0186,-150.6587,618.0000,-44.49,14.11,487.0
2,10,1758016379522368481,2025-09-16 17:52:59.522,,,,,,,,,,,,,,,656.5681,-18.1102,-233.2367,697.0000,1.58,19.55,455.7,,,,,,,
2,10,1758016379592100255,2025-09-16 17:52:59.592,140.8228,-243.9123,-220.9972,358.0000,60.00,38.12,441.0,,,,,,,,,,,,,,,,,,,,,
2,10,1758016379620467998,2025-09-16 17:52:59.620,,,,,,,,,,,,,,,,,,,,,,431.3150,418.0755,-153.5588,620.0000,-44.11,14.34,475.9
2,10,1758016379679794682,2025-09-16 17:52:59.679,,,,,,,,,,,,,,,659.2230,-50.9559,-238.8253,703.0000,4.42,19.86,464.1,,,,,,,
2,10,1758016379813556933,2025-09-16 17:52:59.813,,,,,,,,60.6763,44.0839,-129.9038,150.0000,-36.00,60.00,396.5,,,,,,,,,,,,,,
2,10,1758016379818612409,2025-09-16 17:52:59.818,,,,,,,,,,,,,,,,,,,,,,390.7206,446.3165,-154.6220,613.0000,-48.80,14.61,455.9
2,10,1758016379846211929,2025-09-16 17:52:59.846,,,,,,,,,,,,,,,663.6082,-47.8824,-223.9094,702.0000,4.13,18.60,490.9,,,,,,,
2,10,1758016379916103324,2025-09-16 17:52:59.916,135.8939,-235.3751,-237.5972,361.0000,60.00,41.16,421.1,,,,,,,,,,,,,,,,,,,,,
2,10,1758016379993841905,2025-09-16 17:52:59.993,,,,,,,,61.0808,44.3778,-130.7698,151.0000,-36.00,60.00,403.7,,,,,,,,,,,,,,
2,10,1758016380017885980,2025-09-16 17:53:00.017,,,,,,,,,,,,,,,,,,,,,,416.3065,432.9694,-136.6835,616.0000,-46.12,12.82,446.3
2,10,1758016380078132266,2025-09-16 17:53:00.078,149.4823,-258.9109,-211.1308,366.0000,60.00,35.23,439.1,,,,,,,,,,,,,,,,,,,,,
2,10,1758016380174326412,2025-09-16 17:53:00.174,,,,,,,,60.6763,44.0839,-129.9038,150.0000,-36.00,60.00,402.8,,,,,,,,,,,,,,
2,10,1758016380170201394,2025-09-16 17:53:00.170,,,,,,,,,,,,,,,672.1108,-52.1881,-173.0882,696.0000,4.44,14.40,457.6,,,,,,,
2,10,1758016380217277257,2025-09-16 17:53:00.217,,,,,,,,,,,,,,,,,,,,,,430.8881,417.9973,-150.9129,619.0000,-44.13,14.11,470.6
2,10,1758016380347422656,2025-09-16 17:53:00.347,,,,,,,,60.6763,44.0839,-129.9038,150.0000,-36.00,60.00,392.8,,,,,,,,,,,,,,
2,10,1758016380332106600,2025-09-16 17:53:00.332,,,,,,,,,,,,,,,657.5658,-58.9985,-238.6008,702.0000,5.13,19.87,466.1,,,,,,,
2,10,1758016380402141816,2025-09-16 17:53:00.402,139.8479,-242.2237,-232.9511,364.0000,60.00,39.79,448.5,,,,,,,,,,,,,,,,,,,,,
2,10,1758016380417708684,2025-09-16 17:53:00.417,,,,,,,,,,,,,,,,,,,,,,418.8758,424.0249,-159.4833,617.0000,-45.35,14.98,495.8
2,10,1758016380534668435,2025-09-16 17:53:00.534,,,,,,,,61.0808,44.3778,-130.7698,151.0000,-36.00,60.00,436.7,,,,,,,,,,,,,,
2,10,1758016380489540634,2025-09-16 17:53:00.489,,,,,,,,,,,,,,,653.0873,-56.6783,-245.4884,700.0000,4.96,20.53,482.3,,,,,,,
2,10,1758016380564141813,2025-09-16 17:53:00.564,130.7130,-226.4016,-248.9527,361.0000,60.00,43.60,407.7,,,,,,,,,,,,,,,,,,,,,
2,10,1758016380614506852,2025-09-16 17:53:00.614,,,,,,,,,,,,,,,,,,,,,,412.5748,428.8035,-151.3458,614.0000,-46.10,14.27,442.9
2,10,1758016380714635901,2025-09-16 17:53:00.714,,,,,,,,61.8898,44.9656,-132.5019,153.0000,-36.00,60.00,399.9,,,,,,,,,,,,,,
2,10,1758016380655987807,2025-09-16 17:53:00.655,,,,,,,,,,,,,,,679.7116,-13.2885,-170.9284,701.0000,1.12,14.11,458.7,,,,,,,
2,10,1758016380726141107,2025-09-16 17:53:00.726,132.0082,-228.6449,-247.6678,362.0000,60.00,43.17,436.9,,,,,,,,,,,,,,,,,,,,,
2,10,1758016380813717401,2025-09-16 17:53:00.813,,,,,,,,,,,,,,,,,,,,,,412.9313,425.9633,-154.3114,613.0000,-45.89,14.58,446.3
2,10,1758016380817884569,2025-09-16 17:53:00.817,,,,,,,,,,,,,,,654.6272,-46.9243,-246.2974,701.0000,4.10,20.57,489.7,,,,,,,
2,10,1758016380887142782,2025-09-16 17:53:00.887,150.6119,-260.8674,-202.5666,363.0000,60.00,33.92,420.6,,,,,,,,,,,,,,,,,,,,,
2,10,1758016380975328658,2025-09-16 17:53:00.975,,,,,,,,,,,,,,,679.6610,-13.8808,-171.0826,701.0000,1.17,14.13,458.5,,,,,,,
2,10,1758016381049149131,2025-09-16 17:53:01.049,147.6661,-255.7652,-209.3391,362.0000,60.00,35.33,432.8,,,,,,,,,,,,,,,,,,,,,
2,10,1758016381070702480,2025-09-16 17:53:01.070,,,,,,,,61.4853,44.6717,-131.6359,152.0000,-36.00,60.00,411.6,,,,,,,,,,,,,,
2,10,1758016381141797127,2025-09-16 17:53:01.141,,,,,,,,,,,,,,,667.6774,-25.0661,-218.6038,703.0000,2.15,18.12,458.4,,,,,,,
2,10,1758016381209426014,2025-09-16 17:53:01.209,,,,,,,,,,,,,,,,,,,,,,421.3613,422.9381,-139.0936,613.0000,-45.11,13.12,449.2
2,10,1758016381299138070,2025-09-16 17:53:01.299,,,,,,,,,,,,,,,655.8254,-43.2150,-243.7755,701.0000,3.77,20.35,457.4,,,,,,,
2,10,1758016381373166236,2025-09-16 17:53:01.373,137.3780,-237.9456,-238.7575,364.0000,60.00,40.99,449.8,,,,,,,,,,,,,,,,,,,,,
2,10,1758016381434854315,2025-09-16 17:53:01.434,,,,,,,,61.0808,44.3778,-130.7698,151.0000,-36.00,60.00,446.2,,,,,,,,,,,,,,
2,10,1758016381403999402,2025-09-16 17:53:01.404,,,,,,,,,,,,,,,,,,,,,,399.8601,445.9018,-139.6728,615.0000,-48.12,13.13,477.2
2,10,1758016381465635205,2025-09-16 17:53:01.465,,,,,,,,,,,,,,,671.2164,-19.1005,-208.1172,703.0000,1.63,17.22,463.7,,,,,,,
2,10,1758016381535179511,2025-09-16 17:53:01.535,139.3784,-241.4104,-229.3811,361.0000,60.00,39.45,445.7,,,,,,,,,,,,,,,,,,,,,
0,7,1758016530184009279,2025-09-16 17:55:30.184,,,,,,,,,,,,,,,566.5970,234.4605,-161.0966,634.0000,-22.48,14.72,447.9,,,,,,,
0,7,1758016530247895739,2025-09-16 17:55:30.247,296.1764,-312.1048,-270.0631,508.0000,46.50,32.12,437.2,,,,,,,,,,,,,,,,,,,,,
0,7,1758016530299198412,2025-09-16 17:55:30.299,,,,,,,,,,,,,,,,,,,,,,265.2655,300.8847,-157.6820,431.0000,-48.60,21.46,561.1
0,7,1758016530345896843,2025-09-16 17:55:30.345,,,,,,,,,,,,,,,581.0341,208.6126,-152.8928,636.0000,-19.75,13.91,514.6,,,,,,,
0,7,1758016530409872858,2025-09-16 17:55:30.409,285.8333,-289.8524,-302.2150,507.0000,45.40,36.59,450.7,,,,,,,,,,,,,,,,,,,,,
0,7,1758016530476155010,2025-09-16 17:55:30.476,,,,,,,,126.0962,-119.2850,-88.8585,195.0000,43.41,27.11,571.8,,,,,,,,,,,,,,
0,7,1758016530494634457,2025-09-16 17:55:30.494,,,,,,,,,,,,,,,,,,,,,,271.2762,308.0274,-144.0603,435.0000,-48.63,19.34,553.6
0,7,1758016530503471950,2025-09-16 17:55:30.503,,,,,,,,,,,,,,,582.6244,222.8322,-113.3606,634.0000,-20.93,10.30,544.9,,,,,,,
0,7,1758016530571886421,2025-09-16 17:55:30.571,229.8314,-271.3918,-357.1274,504.0000,49.74,45.12,476.6,,,,,,,,,,,,,,,,,,,,,
0,7,1758016530656273761,2025-09-16 17:55:30.656,,,,,,,,118.2976,-120.2545,-97.8240,195.0000,45.47,30.11,392.2,,,,,,,,,,,,,,
0,7,1758016530733891725,2025-09-16 17:55:30.733,287.5874,-299.8934,-292.2695,508.0000,46.20,35.12,1108.5,,,,,,,,,,,,,,,,,,,,,
0,7,1758016530669847087,2025-09-16 17:55:30.669,,,,,,,,,,,,,,,567.0896,245.5191,-127.6352,631.0000,-23.41,11.67,1172.8,,,,,,,
0,7,1758016530830852511,2025-09-16 17:55:30.830,,,,,,,,121.2685,-117.5337,-99.4775,196.0000,44.10,30.50,1012.0,,,,,,,,,,,,,,
0,7,1758016530830758827,2025-09-16 17:55:30.830,,,,,,,,,,,,,,,577.8749,208.0478,-135.7118,629.0000,-19.80,12.46,1012.3,,,,,,,
0,7,1758016530893840346,2025-09-16 17:55:30.893,,,,,,,,,,,,,,,,,,,,,,268.7224,300.6553,-160.4701,434.0000,-48.21,21.70,949.3
0,7,1758016531010051296,2025-09-16 17:55:31.010,,,,,,,,127.5720,-119.4215,-88.7687,196.0000,43.11,26.93,833.2,,,,,,,,,,,,,,
0,7,1758016530989309666,2025-09-16 17:55:30.989,,,,,,,,,,,,,,,569.0701,239.6827,-143.7616,634.0000,-22.84,13.11,854.1,,,,,,,
0,7,1758016531057898019,2025-09-16 17:55:31.057,244.4268,-276.9554,-345.8139,506.0000,48.57,43.11,785.6,,,,,,,,,,,,,,,,,,,,,
0,7,1758016531092571993,2025-09-16 17:55:31.092,,,,,,,,,,,,,,,,,,,,,,257.7583,308.3739,-158.3987,432.0000,-50.11,21.51,751.0
0,7,1758016531196545378,2025-09-16 17:55:31.196,,,,,,,,123.0427,-119.3158,-101.1198,199.0000,44.12,30.54,647.1,,,,,,,,,,,,,,
0,7,1758016531156703302,2025-09-16 17:55:31.156,,,,,,,,,,,,,,,579.7010,208.8195,-153.5129,635.0000,-19.81,13.99,687.1,,,,,,,
0,7,1758016531219899661,2025-09-16 17:55:31.219,268.2498,-278.8502,-326.0684,506.0000,46.11,40.12,624.0,,,,,,,,,,,,,,,,,,,,,
0,7,1758016531283713118,2025-09-16 17:55:31.283,,,,,,,,,,,,,,,,,,,,,,272.3350,300.3437,-149.1688,432.0000,-47.80,20.20,575.6
0,7,1758016531375967189,2025-09-16 17:55:31.375,,,,,,,,127.6717,-120.2277,-89.7454,197.0000,43.28,27.10,483.7,,,,,,,,,,,,,,
0,7,1758016531381910247,2025-09-16 17:55:31.381,264.7833,-278.8283,-327.3677,505.0000,46.48,40.41,477.9,,,,,,,,,,,,,,,,,,,,,
0,7,1758016531480559002,2025-09-16 17:55:31.480,,,,,,,,,,,,,,,577.5811,200.1747,-156.4966,631.0000,-19.11,14.36,573.5,,,,,,,
0,7,1758016531543939630,2025-09-16 17:55:31.543,310.0795,-290.2282,-276.8885,507.0000,43.11,33.10,560.8,,,,,,,,,,,,,,,,,,,,,
0,7,1758016531642585669,2025-09-16 17:55:31.642,,,,,,,,,,,,,,,585.2421,202.8985,-144.2908,636.0000,-19.12,13.11,462.4,,,,,,,
0,7,1758016531705912421,2025-09-16 17:55:31.705,312.1952,-299.9078,-265.8072,508.0000,43.85,31.55,574.2,,,,,,,,,,,,,,,,,,,,,
0,7,1758016531732025446,2025-09-16 17:55:31.732,,,,,,,,117.0941,-117.8733,-87.9708,188.0000,45.19,27.90,548.3,,,,,,,,,,,,,,
0,7,1758016531867905656,2025-09-16 17:55:31.867,290.8335,-291.8505,-297.1585,508.0000,45.10,35.80,412.5,,,,,,,,,,,,,,,,,,,,,
0,7,1758016531799810219,2025-09-16 17:55:31.799,,,,,,,,,,,,,,,577.3176,214.4731,-154.6955,635.0000,-20.38,14.10,480.6,,,,,,,
0,7,1758016531884759017,2025-09-16 17:55:31.884,,,,,,,,,,,,,,,,,,,,,,276.5772,300.1440,-141.5719,432.0000,-47.34,19.13,617.6
0,7,1758016531966368923,2025-09-16 17:55:31.966,,,,,,,,,,,,,,,581.8154,224.5039,-124.8394,636.0000,-21.10,11.32,536.1,,,,,,,
0,7,1758016532029927132,2025-09-16 17:55:32.029,257.7933,-283.3111,-332.1542,507.0000,47.70,40.93,472.7,,,,,,,,,,,,,,,,,,,,,
0,7,1758016532096842881,2025-09-16 17:55:32.096,,,,,,,,124.8111,-121.3311,-96.4467,199.0000,44.19,28.99,405.8,,,,,,,,,,,,,,
0,7,1758016532078256792,2025-09-16 17:55:32.078,,,,,,,,,,,,,,,,,,,,,,264.4159,305.4439,-150.1640,431.0000,-49.12,20.39,644.5
0,7,1758016532123969659,2025-09-16 17:55:32.123,,,,,,,,,,,,,,,578.5763,219.7805,-132.7966,633.0000,-20.80,12.11,598.9,,,,,,,
0,7,1758016532191966668,2025-09-16 17:55:32.191,236.6193,-279.5060,-354.9475,510.0000,49.75,44.10,531.1,,,,,,,,,,,,,,,,,,,,,
0,7,1758016532276037814,2025-09-16 17:55:32.276,,,,,,,,118.5915,-121.5677,-105.6284,200.0000,45.71,31.88,447.1,,,,,,,,,,,,,,
0,7,1758016532281008881,2025-09-16 17:55:32.281,,,,,,,,,,,,,,,,,,,,,,263.7840,304.5206,-153.1214,431.0000,-49.10,20.81,1233.1
0,7,1758016532287621750,2025-09-16 17:55:32.287,,,,,,,,,,,,,,,577.4490,218.1998,-148.8843,635.0000,-20.70,13.56,1226.8,,,,,,,
0,7,1758016532353914779,2025-09-16 17:55:32.353,291.9783,-295.5675,-294.0570,509.0000,45.35,35.29,1161.5,,,,,,,,,,,,,,,,,,,,,
0,7,1758016532449638785,2025-09-16 17:55:32.449,,,,,,,,121.8705,-117.3196,-96.9985,195.0000,43.91,29.83,1065.9,,,,,,,,,,,,,,
0,7,1758016532452175348,2025-09-16 17:55:32.452,,,,,,,,,,,,,,,578.7129,231.0001,-111.4422,633.0000,-21.76,10.14,1063.5,,,,,,,
0,7,1758016532515924093,2025-09-16 17:55:32.515,211.9705,-233.2795,-395.8347,506.0000,47.74,51.47,999.9,,,,,,,,,,,,,,,,,,,,,
0,7,1758016532632702958,2025-09-16 17:55:32.632,,,,,,,,119.2773,-123.4721,-100.6408,199.0000,45.99,30.38,883.2,,,,,,,,,,,,,,
0,7,1758016532609575225,2025-09-16 17:55:32.609,,,,,,,,,,,,,,,582.2595,203.9044,-132.5062,631.0000,-19.30,12.12,906.4,,,,,,,
0,7,1758016532676230938,2025-09-16 17:55:32.676,,,,,,,,,,,,,,,,,,,,,,273.3546,298.3142,-151.3602,432.0000,-47.50,20.51,839.9
0,7,1758016532814857999,2025-09-16 17:55:32.814,,,,,,,,124.1078,-116.1828,-93.4602,194.0000,43.11,28.80,701.4,,,,,,,,,,,,,,
0,7,1758016532775988153,2025-09-16 17:55:32.775,,,,,,,,,,,,,,,584.0561,209.8127,-124.6839,633.0000,-19.76,11.36,740.3,,,,,,,
0,7,1758016532839888907,2025-09-16 17:55:32.839,287.9173,-296.9001,-293.2626,507.0000,45.88,35.34,676.6,,,,,,,,,,,,,,,,,,,,,
0,7,1758016532873916029,2025-09-16 17:55:32.873,,,,,,,,,,,,,,,,,,,,,,264.3665,310.9594,-153.3317,436.0000,-49.63,20.59,660.2
0,7,1758016532995275455,2025-09-16 17:55:32.995,,,,,,,,118.9168,-118.3370,-93.3764,192.0000,44.86,29.10,539.1,,,,,,,,,,,,,,
0,7,1758016533001925684,2025-09-16 17:55:33.001,283.7596,-321.5225,-270.4677,507.0000,48.57,32.24,532.6,,,,,,,,,,,,,,,,,,,,,
0,7,1758016533072328302,2025-09-16 17:55:33.072,,,,,,,,,,,,,,,,,,,,,,267.4916,301.6010,-160.7516,434.0000,-48.43,21.74,462.3
0,7,1758016533099911066,2025-09-16 17:55:33.099,,,,,,,,,,,,,,,583.7979,209.9500,-125.6585,633.0000,-19.78,11.45,620.5,,,,,,,
0,7,1758016533163939800,2025-09-16 17:55:33.163,266.5479,-283.8447,-326.2643,508.0000,46.80,39.96,556.7,,,,,,,,,,,,,,,,,,,,,
0,7,1758016533266134408,2025-09-16 17:55:33.266,,,,,,,,,,,,,,,,,,,,,,268.1534,301.2863,-151.9254,431.0000,-48.33,20.64,454.6
0,7,1758016533325946563,2025-09-16 17:55:33.325,266.0015,-286.3619,-319.7891,505.0000,47.11,39.29,591.1,,,,,,,,,,,,,,,,,,,,,
0,7,1758016533355974323,2025-09-16 17:55:33.355,,,,,,,,119.9576,-120.4612,-99.5403,197.0000,45.12,30.35,561.2,,,,,,,,,,,,,,
0,7,1758016533421116866,2025-09-16 17:55:33.421,,,,,,,,,,,,,,,573.6703,223.4340,-151.4451,634.0000,-21.28,13.82,496.2,,,,,,,
0,7,1758016533464585690,2025-09-16 17:55:33.464,,,,,,,,,,,,,,,,,,,,,,272.1293,295.3171,-159.2401,432.0000,-47.34,21.63,452.8
0,7,1758016533586877746,2025-09-16 17:55:33.586,,,,,,,,,,,,,,,577.4970,207.1151,-147.5182,631.0000,-19.73,13.52,521.2,,,,,,,
0,7,1758016533649954925,2025-09-16 17:55:33.649,285.8255,-287.0453,-306.5499,508.0000,45.12,37.12,458.2,,,,,,,,,,,,,,,,,,,,,
0,7,1758016533715131443,2025-09-16 17:55:33.715,,,,,,,,128.7803,-120.7214,-87.4699,197.0000,43.15,26.36,393.2,,,,,,,,,,,,,,
0,7,1758016533748620160,2025-09-16 17:55:33.748,,,,,,,,,,,,,,,583.1725,190.8918,-163.3864,635.0000,-18.12,14.91,468.3,,,,,,,
0,7,1758016533811937911,2025-09-16 17:55:33.811,311.4452,-301.9274,-260.5336,506.0000,44.11,30.99,405.2,,,,,,,,,,,,,,,,,,,,,
0,7,1758016533895889947,2025-09-16 17:55:33.895,,,,,,,,117.4009,-119.2596,-102.0303,196.0000,45.45,31.37,391.9,,,,,,,,,,,,,,
0,7,1758016533863623658,2025-09-16 17:55:33.863,,,,,,,,,,,,,,,,,,,,,,271.7070,304.9573,-143.7545,433.0000,-48.30,19.39,482.8
0,7,1758016533906112824,2025-09-16 17:55:33.906,,,,,,,,,,,,,,,571.1699,215.4854,-171.1345,634.0000,-20.67,15.66,503.9,,,,,,,
0,7,1758016533973939953,2025-09-16 17:55:33.973,279.0196,-292.5902,-309.2249,509.0000,46.36,37.41,436.3,,,,,,,,,,,,,,,,,,,,,
0,7,1758016534069248780,2025-09-16 17:55:34.069,,,,,,,,129.5647,-120.4411,-91.1478,199.0000,42.91,27.26,401.9,,,,,,,,,,,,,,
0,7,1758016534057011225,2025-09-16 17:55:34.057,,,,,,,,,,,,,,,,,,,,,,268.5774,303.4648,-149.6640,432.0000,-48.49,20.27,462.2
0,7,1758016534072509495,2025-09-16 17:55:34.072,,,,,,,,,,,,,,,574.7192,227.6635,-161.8277,639.0000,-21.61,14.67,494.4,,,,,,,
0,7,1758016534135947332,2025-09-16 17:55:34.135,328.3046,-302.3148,-238.4489,506.0000,42.64,28.11,431.1,,,,,,,,,,,,,,,,,,,,,
0,7,1758016534255148997,2025-09-16 17:55:34.255,,,,,,,,122.2202,-117.9031,-91.7066,193.0000,43.97,28.37,389.3,,,,,,,,,,,,,,
0,7,1758016534230606202,2025-09-16 17:55:34.230,,,,,,,,,,,,,,,580.1881,212.5599,-141.9720,634.0000,-20.12,12.94,464.0,,,,,,,
0,7,1758016534297978471,2025-09-16 17:55:34.297,293.5831,-296.6738,-287.8239,507.0000,45.30,34.59,448.1,,,,,,,,,,,,,,,,,,,,,
0,7,1758016534436251727,2025-09-16 17:55:34.436,,,,,,,,125.5357,-119.8388,-88.9070,195.0000,43.67,27.12,386.0,,,,,,,,,,,,,,
0,7,1758016534393861832,2025-09-16 17:55:34.393,,,,,,,,,,,,,,,566.4045,245.5747,-144.3435,634.0000,-23.44,13.16,480.8,,,,,,,
0,7,1758016534457605795,2025-09-16 17:55:34.457,,,,,,,,,,,,,,,,,,,,,,264.0391,301.0789,-159.3609,431.0000,-48.75,21.70,464.6
0,7,1758016534614907380,2025-09-16 17:55:34.614,,,,,,,,129.4809,-117.6534,-86.1242,195.0000,42.26,26.21,387.2,,,,,,,,,,,,,,
0,7,1758016534621950214,2025-09-16 17:55:34.621,262.7612,-276.3125,-332.6319,506.0000,46.44,41.10,427.4,,,,,,,,,,,,,,,,,,,,,
0,7,1758016534651530180,2025-09-16 17:55:34.651,,,,,,,,,,,,,,,,,,,,,,265.7621,312.2694,-142.1772,434.0000,-49.60,19.12,447.3
0,7,1758016534717581329,2025-09-16 17:55:34.717,,,,,,,,,,,,,,,577.1835,226.3120,-146.3253,637.0000,-21.41,13.28,449.2,,,,,,,
0,7,1758016534783951223,2025-09-16 17:55:34.783,309.1602,-279.5045,-288.6975,507.0000,42.12,34.71,454.4,,,,,,,,,,,,,,,,,,,,,
0,7,1758016534850498854,2025-09-16 17:55:34.850,,,,,,,,,,,,,,,,,,,,,,265.9211,307.2585,-155.2520,435.0000,-49.12,20.91,441.3
0,7,1758016534882313798,2025-09-16 17:55:34.882,,,,,,,,,,,,,,,579.5679,194.9336,-151.6639,630.0000,-18.59,13.93,466.3,,,,,,,
0,7,1758016534945933993,2025-09-16 17:55:34.945,302.6524,-293.5160,-281.6005,507.0000,44.12,33.74,402.8,,,,,,,,,,,,,,,,,,,,,
0,7,1758016534975647396,2025-09-16 17:55:34.975,,,,,,,,122.5384,-119.1633,-95.9190,196.0000,44.20,29.30,422.0,,,,,,,,,,,,,,
0,7,1758016535048842532,2025-09-16 17:55:35.048,,,,,,,,,,,,,,,,,,,,,,275.7544,301.9897,-148.2792,435.0000,-47.60,19.93,444.4
0,7,1758016535107942321,2025-09-16 17:55:35.107,252.0696,-275.8580,-342.6547,507.0000,47.58,42.52,435.9,,,,,,,,,,,,,,,,,,,,,
0,3,1758016614587803451,2025-09-16 17:56:54.587,,,,,,,,,,,,,,,419.6053,290.4402,-88.8811,518.0000,-34.69,9.88,447.3,,,,,,,
0,3,1758016614645104874,2025-09-16 17:56:54.645,,,,,,,,,,,,,,,,,,,,,,134.6090,126.0089,-80.0199,201.0000,-43.11,23.46,472.7
0,3,1758016614745238938,2025-09-16 17:56:54.745,,,,,,,,,,,,,,,415.4340,296.1075,-89.7717,518.0000,-35.48,9.98,443.5,,,,,,,
0,3,1758016614808984655,2025-09-16 17:56:54.808,628.4559,-43.1744,-94.5944,637.0000,3.93,8.54,429.7,,,,,,,,,,,,,,,,,,,,,
0,3,1758016614896841440,2025-09-16 17:56:54.896,,,,,,,,214.8978,-74.6672,-394.0416,455.0000,19.16,60.00,388.2,,,,,,,,,,,,,,
0,3,1758016614912198478,2025-09-16 17:56:54.912,,,,,,,,,,,,,,,423.2123,286.6332,-95.5655,520.0000,-34.11,10.59,446.3,,,,,,,
0,3,1758016614972006063,2025-09-16 17:56:54.972,621.8608,-33.9291,-128.9727,636.0000,3.12,11.70,448.4,,,,,,,,,,,,,,,,,,,,,
0,3,1758016615076636733,2025-09-16 17:56:55.076,,,,,,,,363.1072,15.8536,-278.6859,458.0000,-2.50,37.48,402.4,,,,,,,,,,,,,,
0,3,1758016615043901670,2025-09-16 17:56:55.043,,,,,,,,,,,,,,,,,,,,,,135.2982,127.9452,-75.6666,201.0000,-43.40,22.11,480.5
0,3,1758016615073814002,2025-09-16 17:56:55.073,,,,,,,,,,,,,,,416.2171,295.4622,-88.2576,518.0000,-35.37,9.81,450.7,,,,,,,
0,3,1758016615133000328,2025-09-16 17:56:55.133,618.2430,-84.6888,-122.8796,636.0000,7.80,11.14,443.4,,,,,,,,,,,,,,,,,,,,,
0,3,1758016615257344804,2025-09-16 17:56:55.257,,,,,,,,275.3448,-193.6592,-307.5994,456.0000,35.12,42.42,384.1,,,,,,,,,,,,,,
0,3,1758016615227803196,2025-09-16 17:56:55.227,,,,,,,,,,,,,,,,,,,,,,138.3044,125.7591,-79.1553,203.0000,-42.28,22.95,470.8
0,3,1758016615294929917,2025-09-16 17:56:55.294,629.0118,-24.8239,-97.4520,637.0000,2.26,8.80,403.8,,,,,,,,,,,,,,,,,,,,,
0,3,1758016615432174064,2025-09-16 17:56:55.432,,,,,,,,390.1446,-206.0481,-119.0814,457.0000,27.84,15.10,387.2,,,,,,,,,,,,,,
0,3,1758016615397523660,2025-09-16 17:56:55.397,,,,,,,,,,,,,,,422.4993,286.1934,-82.9258,517.0000,-34.11,9.23,472.2,,,,,,,
0,3,1758016615426538265,2025-09-16 17:56:55.426,,,,,,,,,,,,,,,,,,,,,,134.1023,129.1848,-75.6893,201.0000,-43.93,22.12,443.3
0,3,1758016615613177766,2025-09-16 17:56:55.613,,,,,,,,262.1335,-90.7924,-366.9370,460.0000,19.10,52.91,387.4,,,,,,,,,,,,,,
0,3,1758016615618942355,2025-09-16 17:56:55.618,631.7812,-56.3850,-68.6822,638.0000,5.10,6.18,432.8,,,,,,,,,,,,,,,,,,,,,
0,3,1758016615623582147,2025-09-16 17:56:55.623,,,,,,,,,,,,,,,,,,,,,,134.7073,126.0833,-77.1812,200.0000,-43.11,22.70,487.1
0,3,1758016615721775682,2025-09-16 17:56:55.721,,,,,,,,,,,,,,,419.6471,295.8091,-82.4214,520.0000,-35.18,9.12,457.1,,,,,,,
0,3,1758016615781963693,2025-09-16 17:56:55.781,627.4477,-45.0421,-112.2570,639.0000,4.11,10.12,456.9,,,,,,,,,,,,,,,,,,,,,
0,3,1758016615822519558,2025-09-16 17:56:55.822,,,,,,,,,,,,,,,,,,,,,,137.4730,125.5741,-75.7186,201.0000,-42.41,22.13,480.3
0,3,1758016615883569723,2025-09-16 17:56:55.883,,,,,,,,,,,,,,,423.7097,287.0564,-86.1957,519.0000,-34.12,9.56,472.4,,,,,,,
0,3,1758016615942952293,2025-09-16 17:56:55.942,621.3666,-44.6927,-142.2219,639.0000,4.11,12.86,413.2,,,,,,,,,,,,,,,,,,,,,
0,3,1758016615977076821,2025-09-16 17:56:55.977,,,,,,,,279.7480,-43.9074,-363.7776,461.0000,8.92,52.10,434.4,,,,,,,,,,,,,,
0,3,1758016616019599378,2025-09-16 17:56:56.019,,,,,,,,,,,,,,,,,,,,,,136.1946,123.5804,-76.0256,199.0000,-42.22,22.46,442.7
0,3,1758016616041050923,2025-09-16 17:56:56.041,,,,,,,,,,,,,,,416.0084,298.4922,-84.8555,519.0000,-35.66,9.41,476.5,,,,,,,
0,3,1758016616105109753,2025-09-16 17:56:56.105,624.7184,-83.3552,-105.3554,639.0000,7.60,9.49,412.5,,,,,,,,,,,,,,,,,,,,,
0,3,1758016616207518616,2025-09-16 17:56:56.207,,,,,,,,,,,,,,,424.2236,287.3074,-94.4976,521.0000,-34.11,10.45,447.0,,,,,,,
0,3,1758016616337230076,2025-09-16 17:56:56.337,,,,,,,,216.9706,-68.4106,394.0416,455.0000,17.50,-60.00,389.8,,,,,,,,,,,,,,
0,3,1758016616369399130,2025-09-16 17:56:56.369,,,,,,,,,,,,,,,427.1785,289.4608,-64.2728,520.0000,-34.12,7.10,445.0,,,,,,,
0,3,1758016616415283744,2025-09-16 17:56:56.415,,,,,,,,,,,,,,,,,,,,,,136.9136,124.3635,-81.1935,202.0000,-42.25,23.70,450.4
0,3,1758016616517101986,2025-09-16 17:56:56.517,,,,,,,,266.4995,-142.5965,-338.7628,454.0000,28.15,48.26,411.6,,,,,,,,,,,,,,
0,3,1758016616526702596,2025-09-16 17:56:56.526,,,,,,,,,,,,,,,416.6904,295.0332,-87.4557,518.0000,-35.30,9.72,447.9,,,,,,,
0,3,1758016616591946322,2025-09-16 17:56:56.591,626.5645,-68.3986,-116.7030,641.0000,6.23,10.49,439.7,,,,,,,,,,,,,,,,,,,,,
0,3,1758016616613995531,2025-09-16 17:56:56.613,,,,,,,,,,,,,,,,,,,,,,136.2530,130.4339,-77.7054,204.0000,-43.75,22.39,482.3
0,3,1758016616694301981,2025-09-16 17:56:56.694,,,,,,,,,,,,,,,418.0944,295.6988,-77.9956,518.0000,-35.27,8.66,464.0,,,,,,,
0,3,1758016616752949555,2025-09-16 17:56:56.752,631.4612,-34.2098,-91.6918,639.0000,3.10,8.25,405.6,,,,,,,,,,,,,,,,,,,,,
0,3,1758016616876172927,2025-09-16 17:56:56.876,,,,,,,,187.3563,-131.6762,-396.6396,458.0000,35.10,60.00,386.2,,,,,,,,,,,,,,
0,3,1758016616850679685,2025-09-16 17:56:56.850,,,,,,,,,,,,,,,415.9308,299.3171,-68.5554,517.0000,-35.74,7.62,465.7,,,,,,,
0,3,1758016616914960908,2025-09-16 17:56:56.914,623.5642,-24.8269,-111.8361,634.0000,2.28,10.16,452.4,,,,,,,,,,,,,,,,,,,,,
0,3,1758016617050163474,2025-09-16 17:56:57.050,,,,,,,,299.3773,-116.1809,-326.5566,458.0000,21.21,45.48,386.8,,,,,,,,,,,,,,
0,3,1758016617008312459,2025-09-16 17:56:57.008,,,,,,,,,,,,,,,,,,,,,,137.5329,128.8136,-72.7720,202.0000,-43.12,21.12,481.7
0,3,1758016617076972782,2025-09-16 17:56:57.076,621.3099,-84.1148,-100.6164,635.0000,7.71,9.12,413.1,,,,,,,,,,,,,,,,,,,,,
0,3,1758016617180066942,2025-09-16 17:56:57.180,,,,,,,,,,,,,,,418.3711,292.5115,-87.9012,518.0000,-34.96,9.77,447.2,,,,,,,
0,3,1758016617208145904,2025-09-16 17:56:57.208,,,,,,,,,,,,,,,,,,,,,,134.9675,126.9647,-75.2578,200.0000,-43.25,22.10,470.0
0,3,1758016617401936339,2025-09-16 17:56:57.401,623.2091,-23.1026,-89.3120,630.0000,2.12,8.15,405.0,,,,,,,,,,,,,,,,,,,,,
0,3,1758016617417128787,2025-09-16 17:56:57.417,,,,,,,,202.6579,-251.5158,-335.8952,466.0000,51.14,46.12,450.6,,,,,,,,,,,,,,
0,3,1758016617404258958,2025-09-16 17:56:57.404,,,,,,,,,,,,,,,,,,,,,,136.6408,123.0319,-78.6921,200.0000,-42.00,23.17,463.6
0,3,1758016617503978917,2025-09-16 17:56:57.503,,,,,,,,,,,,,,,421.5916,292.9047,-82.8694,520.0000,-34.79,9.17,448.2,,,,,,,
0,3,1758016617562939187,2025-09-16 17:56:57.562,626.8500,-46.0330,-109.4714,638.0000,4.20,9.88,441.0,,,,,,,,,,,,,,,,,,,,,
0,3,1758016617596614232,2025-09-16 17:56:57.596,,,,,,,,265.6235,-140.9967,-380.5116,485.0000,27.96,51.68,407.5,,,,,,,,,,,,,,
0,3,1758016617604083184,2025-09-16 17:56:57.604,,,,,,,,,,,,,,,,,,,,,,133.4839,127.1595,-74.9233,199.0000,-43.61,22.12,447.6
0,3,1758016617664292090,2025-09-16 17:56:57.664,,,,,,,,,,,,,,,416.4352,296.6019,-83.2646,518.0000,-35.46,9.25,444.4,,,,,,,
0,3,1758016617724935823,2025-09-16 17:56:57.724,622.9745,-33.7391,-123.5330,636.0000,3.10,11.20,441.3,,,,,,,,,,,,,,,,,,,,,
0,3,1758016617801455396,2025-09-16 17:56:57.801,,,,,,,,,,,,,,,,,,,,,,134.8592,128.9193,-72.0612,200.0000,-43.71,21.12,439.6
0,3,1758016617823444236,2025-09-16 17:56:57.823,,,,,,,,,,,,,,,416.2435,294.6078,-78.7627,516.0000,-35.29,8.78,465.9,,,,,,,
0,3,1758016617886935569,2025-09-16 17:56:57.886,609.3748,-56.9591,-172.9566,636.0000,5.34,15.78,402.6,,,,,,,,,,,,,,,,,,,,,
0,3,1758016617957114160,2025-09-16 17:56:57.957,,,,,,,,273.1267,-123.5511,-352.8540,463.0000,24.34,49.65,388.0,,,,,,,,,,,,,,
0,3,1758016617989906530,2025-09-16 17:56:57.989,,,,,,,,,,,,,,,414.2999,296.9378,-73.5429,515.0000,-35.63,8.21,443.7,,,,,,,
0,3,1758016618048910280,2025-09-16 17:56:58.048,625.9902,-60.8274,-101.0211,637.0000,5.55,9.12,450.2,,,,,,,,,,,,,,,,,,,,,
0,3,1758016618136842735,2025-09-16 17:56:58.136,,,,,,,,356.6776,-117.8217,-274.0878,465.0000,18.28,36.12,425.9,,,,,,,,,,,,,,
0,3,1758016618147330183,2025-09-16 17:56:58.147,,,,,,,,,,,,,,,419.0845,292.0313,-91.9070,519.0000,-34.87,10.20,475.6,,,,,,,
0,3,1758016618198180066,2025-09-16 17:56:58.198,,,,,,,,,,,,,,,,,,,,,,133.4088,124.9291,-78.7136,199.0000,-43.12,23.30,472.6
0,3,1758016618317296688,2025-09-16 17:56:58.317,,,,,,,,430.2677,-91.4562,-120.1726,456.0000,12.00,15.28,400.9,,,,,,,,,,,,,,
0,3,1758016618313882562,2025-09-16 17:56:58.313,,,,,,,,,,,,,,,426.1201,279.9086,-72.7866,515.0000,-33.30,8.12,451.2,,,,,,,
0,3,1758016618372898448,2025-09-16 17:56:58.372,627.2289,-23.0323,-89.4957,634.0000,2.10,8.12,459.4,,,,,,,,,,,,,,,,,,,,,
0,3,1758016618395338425,2025-09-16 17:56:58.395,,,,,,,,,,,,,,,,,,,,,,135.9991,127.3236,-78.0831,202.0000,-43.11,22.74,497.1
0,3,1758016618497145317,2025-09-16 17:56:58.497,,,,,,,,382.1859,-249.3340,-78.3292,463.0000,33.12,9.74,395.5,,,,,,,,,,,,,,
0,3,1758016618475776131,2025-09-16 17:56:58.475,,,,,,,,,,,,,,,416.8002,297.5202,-77.9956,518.0000,-35.52,8.66,466.9,,,,,,,
0,3,1758016618534916439,2025-09-16 17:56:58.534,623.5388,-74.3525,-112.7609,638.0000,6.80,10.18,407.9,,,,,,,,,,,,,,,,,,,,,
0,3,1758016618594173907,2025-09-16 17:56:58.594,,,,,,,,,,,,,,,,,,,,,,137.8766,131.7577,-75.1993,205.0000,-43.70,21.52,440.9
0,3,1758016618633272489,2025-09-16 17:56:58.633,,,,,,,,,,,,,,,421.0123,285.1432,-75.0867,514.0000,-34.11,8.40,453.1,,,,,,,
0,3,1758016618696913079,2025-09-16 17:56:58.696,628.6533,-48.5930,-103.7051,639.0000,4.42,9.34,437.3,,,,,,,,,,,,,,,,,,,,,
0,3,1758016618857230238,2025-09-16 17:56:58.857,,,,,,,,368.1295,-56.6605,-271.6455,461.0000,8.75,36.10,389.9,,,,,,,,,,,,,,
0,3,1758016618858906108,2025-09-16 17:56:58.858,629.8915,-47.6935,-82.0428,637.0000,4.33,7.40,454.8,,,,,,,,,,,,,,,,,,,,,
0,3,1758016618959130581,2025-09-16 17:56:58.959,,,,,,,,,,,,,,,414.7557,297.1550,-83.4601,517.0000,-35.62,9.29,443.8,,,,,,,
0,3,1758016618989870562,2025-09-16 17:56:58.989,,,,,,,,,,,,,,,,,,,,,,135.7615,127.1768,-78.7329,202.0000,-43.13,22.94,464.5
0,3,1758016619121143627,2025-09-16 17:56:59.121,,,,,,,,,,,,,,,422.0817,293.3544,-64.1422,518.0000,-34.80,7.11,447.3,,,,,,,
0,3,1758016619182932595,2025-09-16 17:56:59.182,627.0254,-34.1780,-112.7609,638.0000,3.12,10.18,443.6,,,,,,,,,,,,,,,,,,,,,
0,3,1758016619217715272,2025-09-16 17:56:59.217,,,,,,,,269.5853,-115.1047,-358.3904,463.0000,23.12,50.72,409.0,,,,,,,,,,,,,,
0,3,1758016619188258599,2025-09-16 17:56:59.188,,,,,,,,,,,,,,,,,,,,,,130.1972,129.3817,-79.4296,200.0000,-44.82,23.40,503.1
0,3,1758016619285836898,2025-09-16 17:56:59.285,,,,,,,,,,,,,,,418.2942,288.2387,-90.5779,516.0000,-34.57,10.11,462.4,,,,,,,
0,3,1758016619344946850,2025-09-16 17:56:59.344,623.0647,-64.4974,-115.7561,637.0000,5.91,10.47,403.5,,,,,,,,,,,,,,,,,,,,,
0,3,1758016619385442165,2025-09-16 17:56:59.385,,,,,,,,,,,,,,,,,,,,,,132.5380,128.5549,-76.8591,200.0000,-44.13,22.60,440.9
0,3,1758016619442985776,2025-09-16 17:56:59.442,,,,,,,,,,,,,,,421.5227,292.3118,-78.9520,519.0000,-34.74,8.75,448.9,,,,,,,
0,3,1758016619506936587,2025-09-16 17:56:59.506,626.2146,-50.8241,-98.8344,636.0000,4.64,8.94,435.9,,,,,,,,,,,,,,,,,,,,,
0,3,1758016619572891505,2025-09-16 17:56:59.572,,,,,,,,353.5180,-178.2651,-241.9558,464.0000,26.76,31.43,418.8,,,,,,,,,,,,,,
0,3,1758016619584279678,2025-09-16 17:56:59.584,,,,,,,,,,,,,,,,,,,,,,132.7955,132.3789,-77.7829,203.0000,-44.91,22.53,453.5
